{"payload":{"installed_packages":["absl-py==2.0.0","astunparse==1.6.3","attrs==23.2.0","blinker==1.7.0","cachetools==5.3.2","certifi==2023.7.22","chardet==4.0.0","charset-normalizer==3.3.2","click==8.1.7","colorama==0.4.6","coloredlogs==15.0.1","comet-ml==3.42.0","configobj==5.0.8","contourpy==1.1.1","cycler==0.10.0","distance==0.1.3","dlib==19.24.2","dulwich==0.22.1","everett==3.1.0","filelock==3.14.0","flask==3.0.2","flatbuffers==23.5.26","fonttools==4.45.1","fsspec==2024.3.1","gast==0.4.0","gitdb==4.0.11","gitpython==3.1.43","google-auth==2.23.4","google-auth-oauthlib==1.0.0","google-pasta==0.2.0","grpcio==1.59.3","h5py==3.10.0","humanfriendly==10.0","idna==2.10","importlib-metadata==6.8.0","importlib-resources==6.1.1","imutils==0.5.4","intel-openmp==2021.4.0","itsdangerous==2.1.2","jinja2==3.1.3","jsonschema==4.22.0","jsonschema-specifications==2023.12.1","keras==2.13.1","kiwisolver==1.4.5","libclang==16.0.6","markdown==3.5.1","markdown-it-py==3.0.0","markupsafe==2.1.3","matplotlib==3.7.4","mdurl==0.1.2","mkl==2021.4.0","mpmath==1.3.0","networkx==3.1","numpy==1.24.3","oauthlib==3.2.2","onnx==1.16.0","onnx2torch==1.5.14","onnxruntime==1.17.3","opencv-python==4.9.0.80","opt-einsum==3.3.0","packaging==23.2","pafy==0.5.5","pandas==2.0.3","pillow==10.3.0","pip==24.0","pkgutil-resolve-name==1.3.10","protobuf==4.25.1","psutil==5.9.8","py-cpuinfo==9.0.0","pyasn1==0.5.1","pyasn1-modules==0.3.0","pygame==2.5.2","pygame-menu==4.4.3","pygments==2.18.0","pyparsing==3.1.1","pyperclip==1.8.2","pyreadline3==3.4.1","python-box==6.1.0","python-dateutil==2.8.2","python-dotenv==1.0.1","python-magic==0.4.27","pytz==2024.1","pyyaml==6.0.1","referencing==0.35.1","requests==2.31.0","requests-oauthlib==1.3.1","requests-toolbelt==1.0.0","rich==13.7.1","roboflow==1.1.29","rpds-py==0.18.1","rsa==4.9","scipy==1.10.1","seaborn==0.13.2","semantic-version==2.10.0","sentry-sdk==2.2.0","setuptools==69.0.2","simplejson==3.19.2","six==1.16.0","smmap==5.0.1","sympy==1.12","tbb==2021.12.0","tensorboard==2.13.0","tensorboard-data-server==0.7.2","tensorflow==2.13.0","tensorflow-estimator==2.13.0","tensorflow-intel==2.13.0","tensorflow-io-gcs-filesystem==0.31.0","termcolor==2.3.0","thop==0.1.1.post2209072238","torch==2.3.0+cu121","torchaudio==2.3.0+cu121","torchvision==0.18.0","tqdm==4.66.4","typing-extensions==4.11.0","tzdata==2024.1","ultralytics==8.2.15","urllib3==2.1.0","websocket-client==1.8.0","werkzeug==3.0.1","wheel==0.41.3","wrapt==1.16.0","wurlitzer==3.1.0","youtube-dl==2020.12.2","zipp==3.17.0"],"local_timestamp":1715967492960,"message_id":1},"type":"ws_msg"}
{"payload":{"env_details":{"command":["train.py","--img","640","--batch","16","--epochs","50","--data","data/Pills/data.yaml","--cfg","./models/yolov5s.yaml","--weights","yolov5s.pt","--name","Test"],"env":null,"hostname":"DESKTOP-IEQI6OG","ip":"14.54.179.96","machine":"AMD64","os":"Windows-10-10.0.19045-SP0","os_release":"10","os_type":"Windows","pid":24028,"processor":"Intel64 Family 6 Model 151 Stepping 5, GenuineIntel","python_exe":"C:\\Users\\TaeSan\\AppData\\Local\\Programs\\Python\\Python38\\python.exe","python_version":"3.8.10","python_version_verbose":"3.8.10 (tags/v3.8.10:3d8993a, May  3 2021, 11:48:03) [MSC v.1928 64 bit (AMD64)]","user":"TaeSan"},"local_timestamp":1715967492981,"message_id":2},"type":"ws_msg"}
{"payload":{"gpu_static_info":[{"gpu_index":0,"name":"NVIDIA GeForce RTX 2070","power_limit":175000,"total_memory":8589934592,"uuid":"GPU-46587e4f-6f4e-41b1-7d68-156773d30bab"}],"local_timestamp":1715967493012,"message_id":3},"type":"ws_msg"}
{"payload":{"local_timestamp":1715967493012,"message_id":4,"metric":{"epoch":null,"metricName":"sys.gpu.0.total_memory","metricValue":8589934592,"step":null}},"type":"metric_msg"}
{"payload":{"local_timestamp":1715967493013,"message_id":5,"param":{"paramName":"img","paramValue":640,"source":"cli","step":null}},"type":"parameter_msg"}
{"payload":{"local_timestamp":1715967493013,"message_id":6,"param":{"paramName":"batch","paramValue":16,"source":"cli","step":null}},"type":"parameter_msg"}
{"payload":{"local_timestamp":1715967493013,"message_id":7,"param":{"paramName":"epochs","paramValue":50,"source":"cli","step":null}},"type":"parameter_msg"}
{"payload":{"local_timestamp":1715967493013,"message_id":8,"param":{"paramName":"data","paramValue":"data/Pills/data.yaml","source":"cli","step":null}},"type":"parameter_msg"}
{"payload":{"local_timestamp":1715967493013,"message_id":9,"param":{"paramName":"cfg","paramValue":"./models/yolov5s.yaml","source":"cli","step":null}},"type":"parameter_msg"}
{"payload":{"local_timestamp":1715967493013,"message_id":10,"param":{"paramName":"weights","paramValue":"yolov5s.pt","source":"cli","step":null}},"type":"parameter_msg"}
{"payload":{"local_timestamp":1715967493013,"message_id":11,"param":{"paramName":"name","paramValue":"Test","source":"cli","step":null}},"type":"parameter_msg"}
{"payload":{"local_timestamp":1715967493014,"log_other":{"key":"offline_experiment","val":true},"message_id":12},"type":"ws_msg"}
{"payload":{"local_timestamp":1715967493014,"log_other":{"key":"Name","val":"Test"},"message_id":13},"type":"ws_msg"}
{"payload":{"additional_params":{"assetId":"32fac5ea6a9b4049a952d3c48914b0e5","context":null,"extension":"yaml","fileName":"data.yaml","overwrite":false,"runId":null,"step":null},"clean":true,"file_path":"tmp30zf8yav","local_timestamp":1715967493016,"message_id":14,"metadata":{"type":"data-config-file"},"upload_type":"asset"},"type":"file_upload"}
{"payload":{"local_timestamp":1715967493018,"message_id":15,"stderr":true,"stdout":"Downloading https://ultralytics.com/assets/Arial.ttf to C:\\Users\\TaeSan\\AppData\\Roaming\\Ultralytics\\Arial.ttf...\n"},"type":"ws_msg"}
{"payload":{"local_timestamp":1715967493019,"message_id":16,"metric":{"epoch":null,"metricName":"sys.gpu.0.gpu_utilization","metricValue":0,"step":null}},"type":"metric_msg"}
{"payload":{"local_timestamp":1715967493019,"message_id":17,"metric":{"epoch":null,"metricName":"sys.gpu.0.power_usage","metricValue":38790,"step":null}},"type":"metric_msg"}
{"payload":{"local_timestamp":1715967493019,"message_id":18,"metric":{"epoch":null,"metricName":"sys.gpu.0.temperature","metricValue":37,"step":null}},"type":"metric_msg"}
{"payload":{"local_timestamp":1715967493019,"message_id":19,"metric":{"epoch":null,"metricName":"sys.gpu.0.memory_utilization","metricValue":0,"step":null}},"type":"metric_msg"}
{"payload":{"local_timestamp":1715967493019,"message_id":20,"metric":{"epoch":null,"metricName":"sys.gpu.0.free_memory","metricValue":7271567360,"step":null}},"type":"metric_msg"}
{"payload":{"local_timestamp":1715967493019,"message_id":21,"metric":{"epoch":null,"metricName":"sys.gpu.0.used_memory","metricValue":1318367232,"step":null}},"type":"metric_msg"}
{"payload":{"local_timestamp":1715967493019,"message_id":22,"metric":{"epoch":null,"metricName":"sys.gpu.0.percent.used_memory","metricValue":15.347814559936523,"step":null}},"type":"metric_msg"}
{"payload":{"local_timestamp":1715967493127,"message_id":23,"stderr":true,"stdout":"\u001b[1;38;5;39mCOMET INFO:\u001b[0m Couldn't find a Git repository in 'C:\\\\Users\\\\TaeSan\\\\Desktop\\\\H_C\\\\Perfect\\\\yolov5_master' nor in any parent directory. Set `COMET_GIT_DIRECTORY` if your Git Repository is elsewhere.\n"},"type":"ws_msg"}
{"payload":{"local_timestamp":1715967493256,"message_id":24,"metric":{"epoch":null,"metricName":"sys.cpu.percent.avg","metricValue":0.0,"step":null}},"type":"metric_msg"}
{"payload":{"local_timestamp":1715967493256,"message_id":25,"metric":{"epoch":null,"metricName":"sys.ram.total","metricValue":17032929280,"step":null}},"type":"metric_msg"}
{"payload":{"local_timestamp":1715967493256,"message_id":26,"metric":{"epoch":null,"metricName":"sys.ram.used","metricValue":13841530880,"step":null}},"type":"metric_msg"}
{"payload":{"local_timestamp":1715967493257,"message_id":27,"metric":{"epoch":null,"metricName":"sys.ram.available","metricValue":3191398400,"step":null}},"type":"metric_msg"}
{"payload":{"local_timestamp":1715967493257,"message_id":28,"metric":{"epoch":null,"metricName":"sys.ram.percent.used","metricValue":81.3,"step":null}},"type":"metric_msg"}
{"payload":{"local_timestamp":1715967493257,"message_id":29,"metric":{"epoch":null,"metricName":"sys.load.avg","metricValue":0.0,"step":null}},"type":"metric_msg"}
{"payload":{"local_timestamp":1715967495264,"message_id":30,"stderr":true,"stdout":"\r  0%|                                                                                                                                | 0.00/755k [00:00<?, ?B/s]"},"type":"ws_msg"}
{"payload":{"local_timestamp":1715967495331,"message_id":31,"stderr":true,"stdout":"\r100%|\u2588\u2588\u2588\u2588\u2588\u2588\u2588\u2588\u2588\u2588\u2588\u2588\u2588\u2588\u2588\u2588\u2588\u2588\u2588\u2588\u2588\u2588\u2588\u2588\u2588\u2588\u2588\u2588\u2588\u2588\u2588\u2588\u2588\u2588\u2588\u2588\u2588\u2588\u2588\u2588\u2588\u2588\u2588\u2588\u2588\u2588\u2588\u2588\u2588\u2588\u2588\u2588\u2588\u2588\u2588\u2588\u2588\u2588\u2588\u2588\u2588\u2588\u2588\u2588\u2588\u2588\u2588\u2588\u2588\u2588\u2588\u2588\u2588\u2588\u2588\u2588\u2588\u2588\u2588\u2588\u2588\u2588\u2588\u2588\u2588\u2588\u2588\u2588\u2588\u2588\u2588\u2588\u2588\u2588\u2588\u2588\u2588\u2588\u2588\u2588\u2588\u2588\u2588\u2588\u2588\u2588\u2588\u2588\u2588\u2588\u2588\u2588\u2588\u2588\u2588\u2588\u2588\u2588\u2588\u2588| 755k/755k [00:00<00:00, 11.6MB/s]"},"type":"ws_msg"}
{"payload":{"local_timestamp":1715967495331,"message_id":32,"stderr":true,"stdout":"\n"},"type":"ws_msg"}
{"payload":{"local_timestamp":1715967495332,"log_other":{"key":"Created from","val":"YOLOv5"},"message_id":33},"type":"ws_msg"}
{"payload":{"local_timestamp":1715967495332,"log_other":{"key":"hasNestedParams","val":true},"message_id":34},"type":"ws_msg"}
{"payload":{"local_timestamp":1715967495332,"message_id":35,"param":{"paramName":"artifact_alias","paramValue":"latest","source":"manual","step":null}},"type":"parameter_msg"}
{"payload":{"local_timestamp":1715967495332,"message_id":36,"param":{"paramName":"batch_size","paramValue":16,"source":"manual","step":null}},"type":"parameter_msg"}
{"payload":{"local_timestamp":1715967495332,"message_id":37,"param":{"paramName":"bbox_interval","paramValue":-1,"source":"manual","step":null}},"type":"parameter_msg"}
{"payload":{"local_timestamp":1715967495332,"message_id":38,"param":{"paramName":"bucket","paramValue":"","source":"manual","step":null}},"type":"parameter_msg"}
{"payload":{"local_timestamp":1715967495332,"message_id":39,"param":{"paramName":"cache","paramValue":null,"source":"manual","step":null}},"type":"parameter_msg"}
{"payload":{"local_timestamp":1715967495333,"message_id":40,"param":{"paramName":"cos_lr","paramValue":false,"source":"manual","step":null}},"type":"parameter_msg"}
{"payload":{"local_timestamp":1715967495333,"message_id":41,"param":{"paramName":"device","paramValue":"","source":"manual","step":null}},"type":"parameter_msg"}
{"payload":{"local_timestamp":1715967495333,"message_id":42,"param":{"paramName":"entity","paramValue":null,"source":"manual","step":null}},"type":"parameter_msg"}
{"payload":{"local_timestamp":1715967495333,"message_id":43,"param":{"paramName":"evolve","paramValue":null,"source":"manual","step":null}},"type":"parameter_msg"}
{"payload":{"local_timestamp":1715967495333,"message_id":44,"param":{"paramName":"evolve_population","paramValue":"data\\hyps","source":"manual","step":null}},"type":"parameter_msg"}
{"payload":{"local_timestamp":1715967495333,"message_id":45,"param":{"paramName":"exist_ok","paramValue":false,"source":"manual","step":null}},"type":"parameter_msg"}
{"payload":{"local_timestamp":1715967495333,"message_id":46,"params":{"paramName":"freeze","paramValue":[0],"source":"manual","step":null}},"type":"parameter_msg"}
{"payload":{"local_timestamp":1715967495333,"message_id":47,"param":{"paramName":"hyp|anchor_t","paramValue":4.0,"source":"manual","step":null}},"type":"parameter_msg"}
{"payload":{"local_timestamp":1715967495333,"message_id":48,"param":{"paramName":"hyp|box","paramValue":0.05,"source":"manual","step":null}},"type":"parameter_msg"}
{"payload":{"local_timestamp":1715967495333,"message_id":49,"param":{"paramName":"hyp|cls","paramValue":0.5,"source":"manual","step":null}},"type":"parameter_msg"}
{"payload":{"local_timestamp":1715967495333,"message_id":50,"param":{"paramName":"hyp|cls_pw","paramValue":1.0,"source":"manual","step":null}},"type":"parameter_msg"}
{"payload":{"local_timestamp":1715967495333,"message_id":51,"param":{"paramName":"hyp|copy_paste","paramValue":0.0,"source":"manual","step":null}},"type":"parameter_msg"}
{"payload":{"local_timestamp":1715967495333,"message_id":52,"param":{"paramName":"hyp|degrees","paramValue":0.0,"source":"manual","step":null}},"type":"parameter_msg"}
{"payload":{"local_timestamp":1715967495333,"message_id":53,"param":{"paramName":"hyp|fl_gamma","paramValue":0.0,"source":"manual","step":null}},"type":"parameter_msg"}
{"payload":{"local_timestamp":1715967495333,"message_id":54,"param":{"paramName":"hyp|fliplr","paramValue":0.5,"source":"manual","step":null}},"type":"parameter_msg"}
{"payload":{"local_timestamp":1715967495333,"message_id":55,"param":{"paramName":"hyp|flipud","paramValue":0.0,"source":"manual","step":null}},"type":"parameter_msg"}
{"payload":{"local_timestamp":1715967495333,"message_id":56,"param":{"paramName":"hyp|hsv_h","paramValue":0.015,"source":"manual","step":null}},"type":"parameter_msg"}
{"payload":{"local_timestamp":1715967495333,"message_id":57,"param":{"paramName":"hyp|hsv_s","paramValue":0.7,"source":"manual","step":null}},"type":"parameter_msg"}
{"payload":{"local_timestamp":1715967495333,"message_id":58,"param":{"paramName":"hyp|hsv_v","paramValue":0.4,"source":"manual","step":null}},"type":"parameter_msg"}
{"payload":{"local_timestamp":1715967495333,"message_id":59,"param":{"paramName":"hyp|iou_t","paramValue":0.2,"source":"manual","step":null}},"type":"parameter_msg"}
{"payload":{"local_timestamp":1715967495333,"message_id":60,"param":{"paramName":"hyp|lr0","paramValue":0.01,"source":"manual","step":null}},"type":"parameter_msg"}
{"payload":{"local_timestamp":1715967495333,"message_id":61,"param":{"paramName":"hyp|lrf","paramValue":0.01,"source":"manual","step":null}},"type":"parameter_msg"}
{"payload":{"local_timestamp":1715967495333,"message_id":62,"param":{"paramName":"hyp|mixup","paramValue":0.0,"source":"manual","step":null}},"type":"parameter_msg"}
{"payload":{"local_timestamp":1715967495333,"message_id":63,"param":{"paramName":"hyp|momentum","paramValue":0.937,"source":"manual","step":null}},"type":"parameter_msg"}
{"payload":{"local_timestamp":1715967495333,"message_id":64,"param":{"paramName":"hyp|mosaic","paramValue":1.0,"source":"manual","step":null}},"type":"parameter_msg"}
{"payload":{"local_timestamp":1715967495333,"message_id":65,"param":{"paramName":"hyp|obj","paramValue":1.0,"source":"manual","step":null}},"type":"parameter_msg"}
{"payload":{"local_timestamp":1715967495333,"message_id":66,"param":{"paramName":"hyp|obj_pw","paramValue":1.0,"source":"manual","step":null}},"type":"parameter_msg"}
{"payload":{"local_timestamp":1715967495333,"message_id":67,"param":{"paramName":"hyp|perspective","paramValue":0.0,"source":"manual","step":null}},"type":"parameter_msg"}
{"payload":{"local_timestamp":1715967495333,"message_id":68,"param":{"paramName":"hyp|scale","paramValue":0.5,"source":"manual","step":null}},"type":"parameter_msg"}
{"payload":{"local_timestamp":1715967495333,"message_id":69,"param":{"paramName":"hyp|shear","paramValue":0.0,"source":"manual","step":null}},"type":"parameter_msg"}
{"payload":{"local_timestamp":1715967495333,"message_id":70,"param":{"paramName":"hyp|translate","paramValue":0.1,"source":"manual","step":null}},"type":"parameter_msg"}
{"payload":{"local_timestamp":1715967495333,"message_id":71,"param":{"paramName":"hyp|warmup_bias_lr","paramValue":0.1,"source":"manual","step":null}},"type":"parameter_msg"}
{"payload":{"local_timestamp":1715967495333,"message_id":72,"param":{"paramName":"hyp|warmup_epochs","paramValue":3.0,"source":"manual","step":null}},"type":"parameter_msg"}
{"payload":{"local_timestamp":1715967495333,"message_id":73,"param":{"paramName":"hyp|warmup_momentum","paramValue":0.8,"source":"manual","step":null}},"type":"parameter_msg"}
{"payload":{"local_timestamp":1715967495333,"message_id":74,"param":{"paramName":"hyp|weight_decay","paramValue":0.0005,"source":"manual","step":null}},"type":"parameter_msg"}
{"payload":{"local_timestamp":1715967495333,"message_id":75,"param":{"paramName":"image_weights","paramValue":false,"source":"manual","step":null}},"type":"parameter_msg"}
{"payload":{"local_timestamp":1715967495333,"message_id":76,"param":{"paramName":"imgsz","paramValue":640,"source":"manual","step":null}},"type":"parameter_msg"}
{"payload":{"local_timestamp":1715967495333,"message_id":77,"param":{"paramName":"label_smoothing","paramValue":0.0,"source":"manual","step":null}},"type":"parameter_msg"}
{"payload":{"local_timestamp":1715967495333,"message_id":78,"param":{"paramName":"local_rank","paramValue":-1,"source":"manual","step":null}},"type":"parameter_msg"}
{"payload":{"local_timestamp":1715967495333,"message_id":79,"param":{"paramName":"multi_scale","paramValue":false,"source":"manual","step":null}},"type":"parameter_msg"}
{"payload":{"local_timestamp":1715967495333,"message_id":80,"param":{"paramName":"ndjson_console","paramValue":false,"source":"manual","step":null}},"type":"parameter_msg"}
{"payload":{"local_timestamp":1715967495333,"message_id":81,"param":{"paramName":"ndjson_file","paramValue":false,"source":"manual","step":null}},"type":"parameter_msg"}
{"payload":{"local_timestamp":1715967495333,"message_id":82,"param":{"paramName":"noautoanchor","paramValue":false,"source":"manual","step":null}},"type":"parameter_msg"}
{"payload":{"local_timestamp":1715967495333,"message_id":83,"param":{"paramName":"noplots","paramValue":false,"source":"manual","step":null}},"type":"parameter_msg"}
{"payload":{"local_timestamp":1715967495333,"message_id":84,"param":{"paramName":"nosave","paramValue":false,"source":"manual","step":null}},"type":"parameter_msg"}
{"payload":{"local_timestamp":1715967495333,"message_id":85,"param":{"paramName":"noval","paramValue":false,"source":"manual","step":null}},"type":"parameter_msg"}
{"payload":{"local_timestamp":1715967495333,"message_id":86,"param":{"paramName":"optimizer","paramValue":"SGD","source":"manual","step":null}},"type":"parameter_msg"}
{"payload":{"local_timestamp":1715967495333,"message_id":87,"param":{"paramName":"patience","paramValue":100,"source":"manual","step":null}},"type":"parameter_msg"}
{"payload":{"local_timestamp":1715967495333,"message_id":88,"param":{"paramName":"project","paramValue":"runs\\train","source":"manual","step":null}},"type":"parameter_msg"}
{"payload":{"local_timestamp":1715967495333,"message_id":89,"param":{"paramName":"quad","paramValue":false,"source":"manual","step":null}},"type":"parameter_msg"}
{"payload":{"local_timestamp":1715967495333,"message_id":90,"param":{"paramName":"rect","paramValue":false,"source":"manual","step":null}},"type":"parameter_msg"}
{"payload":{"local_timestamp":1715967495333,"message_id":91,"param":{"paramName":"resume","paramValue":false,"source":"manual","step":null}},"type":"parameter_msg"}
{"payload":{"local_timestamp":1715967495333,"message_id":92,"param":{"paramName":"resume_evolve","paramValue":null,"source":"manual","step":null}},"type":"parameter_msg"}
{"payload":{"local_timestamp":1715967495333,"message_id":93,"param":{"paramName":"save_dir","paramValue":"runs\\train\\Test3","source":"manual","step":null}},"type":"parameter_msg"}
{"payload":{"local_timestamp":1715967495333,"message_id":94,"param":{"paramName":"save_period","paramValue":-1,"source":"manual","step":null}},"type":"parameter_msg"}
{"payload":{"local_timestamp":1715967495333,"message_id":95,"param":{"paramName":"seed","paramValue":0,"source":"manual","step":null}},"type":"parameter_msg"}
{"payload":{"local_timestamp":1715967495333,"message_id":96,"param":{"paramName":"single_cls","paramValue":false,"source":"manual","step":null}},"type":"parameter_msg"}
{"payload":{"local_timestamp":1715967495333,"message_id":97,"param":{"paramName":"sync_bn","paramValue":false,"source":"manual","step":null}},"type":"parameter_msg"}
{"payload":{"local_timestamp":1715967495333,"message_id":98,"param":{"paramName":"upload_dataset","paramValue":false,"source":"manual","step":null}},"type":"parameter_msg"}
{"payload":{"local_timestamp":1715967495333,"message_id":99,"param":{"paramName":"workers","paramValue":8,"source":"manual","step":null}},"type":"parameter_msg"}
{"payload":{"local_timestamp":1715967495333,"message_id":100,"param":{"paramName":"anchor_t","paramValue":4.0,"source":"manual","step":null}},"type":"parameter_msg"}
{"payload":{"local_timestamp":1715967495333,"message_id":101,"param":{"paramName":"box","paramValue":0.05,"source":"manual","step":null}},"type":"parameter_msg"}
{"payload":{"local_timestamp":1715967495333,"message_id":102,"param":{"paramName":"cls","paramValue":0.5,"source":"manual","step":null}},"type":"parameter_msg"}
{"payload":{"local_timestamp":1715967495333,"message_id":103,"param":{"paramName":"cls_pw","paramValue":1.0,"source":"manual","step":null}},"type":"parameter_msg"}
{"payload":{"local_timestamp":1715967495333,"message_id":104,"param":{"paramName":"copy_paste","paramValue":0.0,"source":"manual","step":null}},"type":"parameter_msg"}
{"payload":{"local_timestamp":1715967495333,"message_id":105,"param":{"paramName":"degrees","paramValue":0.0,"source":"manual","step":null}},"type":"parameter_msg"}
{"payload":{"local_timestamp":1715967495333,"message_id":106,"param":{"paramName":"fl_gamma","paramValue":0.0,"source":"manual","step":null}},"type":"parameter_msg"}
{"payload":{"local_timestamp":1715967495333,"message_id":107,"param":{"paramName":"fliplr","paramValue":0.5,"source":"manual","step":null}},"type":"parameter_msg"}
{"payload":{"local_timestamp":1715967495333,"message_id":108,"param":{"paramName":"flipud","paramValue":0.0,"source":"manual","step":null}},"type":"parameter_msg"}
{"payload":{"local_timestamp":1715967495333,"message_id":109,"param":{"paramName":"hsv_h","paramValue":0.015,"source":"manual","step":null}},"type":"parameter_msg"}
{"payload":{"local_timestamp":1715967495333,"message_id":110,"param":{"paramName":"hsv_s","paramValue":0.7,"source":"manual","step":null}},"type":"parameter_msg"}
{"payload":{"local_timestamp":1715967495333,"message_id":111,"param":{"paramName":"hsv_v","paramValue":0.4,"source":"manual","step":null}},"type":"parameter_msg"}
{"payload":{"local_timestamp":1715967495333,"message_id":112,"param":{"paramName":"iou_t","paramValue":0.2,"source":"manual","step":null}},"type":"parameter_msg"}
{"payload":{"local_timestamp":1715967495333,"message_id":113,"param":{"paramName":"lr0","paramValue":0.01,"source":"manual","step":null}},"type":"parameter_msg"}
{"payload":{"local_timestamp":1715967495333,"message_id":114,"param":{"paramName":"lrf","paramValue":0.01,"source":"manual","step":null}},"type":"parameter_msg"}
{"payload":{"local_timestamp":1715967495333,"message_id":115,"param":{"paramName":"mixup","paramValue":0.0,"source":"manual","step":null}},"type":"parameter_msg"}
{"payload":{"local_timestamp":1715967495333,"message_id":116,"param":{"paramName":"momentum","paramValue":0.937,"source":"manual","step":null}},"type":"parameter_msg"}
{"payload":{"local_timestamp":1715967495333,"message_id":117,"param":{"paramName":"mosaic","paramValue":1.0,"source":"manual","step":null}},"type":"parameter_msg"}
{"payload":{"local_timestamp":1715967495333,"message_id":118,"param":{"paramName":"obj","paramValue":1.0,"source":"manual","step":null}},"type":"parameter_msg"}
{"payload":{"local_timestamp":1715967495333,"message_id":119,"param":{"paramName":"obj_pw","paramValue":1.0,"source":"manual","step":null}},"type":"parameter_msg"}
{"payload":{"local_timestamp":1715967495333,"message_id":120,"param":{"paramName":"perspective","paramValue":0.0,"source":"manual","step":null}},"type":"parameter_msg"}
{"payload":{"local_timestamp":1715967495333,"message_id":121,"param":{"paramName":"scale","paramValue":0.5,"source":"manual","step":null}},"type":"parameter_msg"}
{"payload":{"local_timestamp":1715967495333,"message_id":122,"param":{"paramName":"shear","paramValue":0.0,"source":"manual","step":null}},"type":"parameter_msg"}
{"payload":{"local_timestamp":1715967495333,"message_id":123,"param":{"paramName":"translate","paramValue":0.1,"source":"manual","step":null}},"type":"parameter_msg"}
{"payload":{"local_timestamp":1715967495333,"message_id":124,"param":{"paramName":"warmup_bias_lr","paramValue":0.1,"source":"manual","step":null}},"type":"parameter_msg"}
{"payload":{"local_timestamp":1715967495333,"message_id":125,"param":{"paramName":"warmup_epochs","paramValue":3.0,"source":"manual","step":null}},"type":"parameter_msg"}
{"payload":{"local_timestamp":1715967495333,"message_id":126,"param":{"paramName":"warmup_momentum","paramValue":0.8,"source":"manual","step":null}},"type":"parameter_msg"}
{"payload":{"local_timestamp":1715967495333,"message_id":127,"param":{"paramName":"weight_decay","paramValue":0.0005,"source":"manual","step":null}},"type":"parameter_msg"}
{"payload":{"additional_params":{"assetId":"509544809303461299b2931f86402679","context":null,"epoch":null,"extension":"json","fileName":"hyperparameters.json","overwrite":false,"runId":null,"step":null},"clean":true,"file_path":"tmpzycoarwf","local_timestamp":1715967495336,"message_id":128,"metadata":{"type":"hyp-config-file"},"upload_type":"asset"},"type":"file_upload"}
{"payload":{"additional_params":{"assetId":"560ebfbc47d54352a3277aaa4c9bd213","context":null,"extension":"yaml","fileName":"opt.yaml","overwrite":false,"runId":null,"step":null},"clean":true,"file_path":"tmp7o0mfs3z","local_timestamp":1715967495339,"message_id":129,"metadata":{"type":"opt-config-file"},"upload_type":"asset"},"type":"file_upload"}
{"payload":{"local_timestamp":1715967495339,"message_id":130,"param":{"paramName":"val_conf_threshold","paramValue":0.001,"source":"manual","step":null}},"type":"parameter_msg"}
{"payload":{"local_timestamp":1715967495339,"message_id":131,"param":{"paramName":"val_iou_threshold","paramValue":0.6,"source":"manual","step":null}},"type":"parameter_msg"}
{"payload":{"local_timestamp":1715967495339,"log_other":{"key":"comet_mode","val":"online"},"message_id":132},"type":"ws_msg"}
{"payload":{"local_timestamp":1715967495339,"log_other":{"key":"comet_max_image_uploads","val":100},"message_id":133},"type":"ws_msg"}
{"payload":{"local_timestamp":1715967495339,"log_other":{"key":"comet_log_per_class_metrics","val":false},"message_id":134},"type":"ws_msg"}
{"payload":{"local_timestamp":1715967495339,"log_other":{"key":"comet_log_batch_metrics","val":false},"message_id":135},"type":"ws_msg"}
{"payload":{"local_timestamp":1715967495339,"log_other":{"key":"comet_log_confusion_matrix","val":true},"message_id":136},"type":"ws_msg"}
{"payload":{"local_timestamp":1715967495339,"log_other":{"key":"comet_model_name","val":"yolov5"},"message_id":137},"type":"ws_msg"}
{"payload":{"local_timestamp":1715967495404,"message_id":138,"stderr":true,"stdout":"Overriding model.yaml nc=80 with nc=1\n"},"type":"ws_msg"}
{"payload":{"local_timestamp":1715967495404,"message_id":139,"stderr":true,"stdout":"\n                 from  n    params  module                                  arguments                     \n"},"type":"ws_msg"}
{"payload":{"local_timestamp":1715967495414,"message_id":140,"stderr":true,"stdout":"  0                -1  1      3520  models.common.Conv                      [3, 32, 6, 2, 2]              \n"},"type":"ws_msg"}
{"payload":{"local_timestamp":1715967495415,"message_id":141,"stderr":true,"stdout":"  1                -1  1     18560  models.common.Conv                      [32, 64, 3, 2]                \n"},"type":"ws_msg"}
{"payload":{"local_timestamp":1715967495416,"message_id":142,"stderr":true,"stdout":"  2                -1  1     18816  models.common.C3                        [64, 64, 1]                   \n"},"type":"ws_msg"}
{"payload":{"local_timestamp":1715967495418,"message_id":143,"stderr":true,"stdout":"  3                -1  1     73984  models.common.Conv                      [64, 128, 3, 2]               \n"},"type":"ws_msg"}
{"payload":{"local_timestamp":1715967495420,"message_id":144,"stderr":true,"stdout":"  4                -1  2    115712  models.common.C3                        [128, 128, 2]                 \n"},"type":"ws_msg"}
{"payload":{"local_timestamp":1715967495422,"message_id":145,"stderr":true,"stdout":"  5                -1  1    295424  models.common.Conv                      [128, 256, 3, 2]              \n"},"type":"ws_msg"}
{"payload":{"local_timestamp":1715967495427,"message_id":146,"stderr":true,"stdout":"  6                -1  3    625152  models.common.C3                        [256, 256, 3]                 \n"},"type":"ws_msg"}
{"payload":{"local_timestamp":1715967495431,"message_id":147,"stderr":true,"stdout":"  7                -1  1   1180672  models.common.Conv                      [256, 512, 3, 2]              \n"},"type":"ws_msg"}
{"payload":{"local_timestamp":1715967495437,"message_id":148,"stderr":true,"stdout":"  8                -1  1   1182720  models.common.C3                        [512, 512, 1]                 \n"},"type":"ws_msg"}
{"payload":{"local_timestamp":1715967495440,"message_id":149,"stderr":true,"stdout":"  9                -1  1    656896  models.common.SPPF                      [512, 512, 5]                 \n"},"type":"ws_msg"}
{"payload":{"local_timestamp":1715967495441,"message_id":150,"stderr":true,"stdout":" 10                -1  1    131584  models.common.Conv                      [512, 256, 1, 1]              \n"},"type":"ws_msg"}
{"payload":{"local_timestamp":1715967495441,"message_id":151,"stderr":true,"stdout":" 11                -1  1         0  torch.nn.modules.upsampling.Upsample    [None, 2, 'nearest']          \n"},"type":"ws_msg"}
{"payload":{"local_timestamp":1715967495441,"message_id":152,"stderr":true,"stdout":" 12           [-1, 6]  1         0  models.common.Concat                    [1]                           \n"},"type":"ws_msg"}
{"payload":{"local_timestamp":1715967495443,"message_id":153,"stderr":true,"stdout":" 13                -1  1    361984  models.common.C3                        [512, 256, 1, False]          \n"},"type":"ws_msg"}
{"payload":{"local_timestamp":1715967495444,"message_id":154,"stderr":true,"stdout":" 14                -1  1     33024  models.common.Conv                      [256, 128, 1, 1]              \n"},"type":"ws_msg"}
{"payload":{"local_timestamp":1715967495444,"message_id":155,"stderr":true,"stdout":" 15                -1  1         0  torch.nn.modules.upsampling.Upsample    [None, 2, 'nearest']          \n"},"type":"ws_msg"}
{"payload":{"local_timestamp":1715967495444,"message_id":156,"stderr":true,"stdout":" 16           [-1, 4]  1         0  models.common.Concat                    [1]                           \n"},"type":"ws_msg"}
{"payload":{"local_timestamp":1715967495445,"message_id":157,"stderr":true,"stdout":" 17                -1  1     90880  models.common.C3                        [256, 128, 1, False]          \n"},"type":"ws_msg"}
{"payload":{"local_timestamp":1715967495447,"message_id":158,"stderr":true,"stdout":" 18                -1  1    147712  models.common.Conv                      [128, 128, 3, 2]              \n"},"type":"ws_msg"}
{"payload":{"local_timestamp":1715967495447,"message_id":159,"stderr":true,"stdout":" 19          [-1, 14]  1         0  models.common.Concat                    [1]                           \n"},"type":"ws_msg"}
{"payload":{"local_timestamp":1715967495450,"message_id":160,"stderr":true,"stdout":" 20                -1  1    296448  models.common.C3                        [256, 256, 1, False]          \n"},"type":"ws_msg"}
{"payload":{"local_timestamp":1715967495454,"message_id":161,"stderr":true,"stdout":" 21                -1  1    590336  models.common.Conv                      [256, 256, 3, 2]              \n"},"type":"ws_msg"}
{"payload":{"local_timestamp":1715967495455,"message_id":162,"stderr":true,"stdout":" 22          [-1, 10]  1         0  models.common.Concat                    [1]                           \n"},"type":"ws_msg"}
{"payload":{"local_timestamp":1715967495462,"message_id":163,"stderr":true,"stdout":" 23                -1  1   1182720  models.common.C3                        [512, 512, 1, False]          \n"},"type":"ws_msg"}
{"payload":{"local_timestamp":1715967495467,"message_id":164,"stderr":true,"stdout":" 24      [17, 20, 23]  1     16182  models.yolo.Detect                      [1, [[10, 13, 16, 30, 33, 23], [30, 61, 62, 45, 59, 119], [116, 90, 156, 198, 373, 326]], [128, 256, 512]]\n"},"type":"ws_msg"}
{"payload":{"local_timestamp":1715967495640,"message_id":165,"stderr":true,"stdout":"YOLOv5s summary: 214 layers, 7022326 parameters, 7022326 gradients, 15.9 GFLOPs\n"},"type":"ws_msg"}
{"payload":{"local_timestamp":1715967495640,"message_id":166,"stderr":true,"stdout":"\n"},"type":"ws_msg"}
{"payload":{"local_timestamp":1715967495841,"message_id":167,"stderr":true,"stdout":"Transferred 342/349 items from yolov5s.pt\n"},"type":"ws_msg"}
{"payload":{"local_timestamp":1715967496688,"message_id":168,"stderr":true,"stdout":"\u001b[34m\u001b[1mAMP: \u001b[0mchecks passed \n"},"type":"ws_msg"}
{"payload":{"local_timestamp":1715967496689,"message_id":169,"stderr":true,"stdout":"\u001b[34m\u001b[1moptimizer:\u001b[0m SGD(lr=0.01) with parameter groups 57 weight(decay=0.0), 60 weight(decay=0.0005), 60 bias\n"},"type":"ws_msg"}
{"payload":{"local_timestamp":1715967496765,"message_id":170,"stderr":true,"stdout":"\r\u001b[34m\u001b[1mtrain: \u001b[0mScanning C:\\Users\\TaeSan\\Desktop\\H_C\\Perfect\\yolov5_master\\data\\Pills\\train\\labels...:   0%|          | 0/150 [00:00<?, ?it/s]\u001b[0m"},"type":"ws_msg"}
{"payload":{"local_timestamp":1715967506690,"message_id":171,"stderr":true,"stdout":"\r\u001b[34m\u001b[1mtrain: \u001b[0mScanning C:\\Users\\TaeSan\\Desktop\\H_C\\Perfect\\yolov5_master\\data\\Pills\\train\\labels... 1 images, 0 backgrounds, 0 corrupt:   1%|          | 1/150 [00:09<2\u001b[0m"},"type":"ws_msg"}
{"payload":{"local_timestamp":1715967506792,"message_id":172,"stderr":true,"stdout":"\r\u001b[34m\u001b[1mtrain: \u001b[0mScanning C:\\Users\\TaeSan\\Desktop\\H_C\\Perfect\\yolov5_master\\data\\Pills\\train\\labels... 138 images, 0 backgrounds, 0 corrupt:  92%|\u2588\u2588\u2588\u2588\u2588\u2588\u2588\u2588\u2588\u258f| 138/150 [00:\u001b[0m"},"type":"ws_msg"}
{"payload":{"local_timestamp":1715967506797,"message_id":173,"stderr":true,"stdout":"\r\u001b[34m\u001b[1mtrain: \u001b[0mScanning C:\\Users\\TaeSan\\Desktop\\H_C\\Perfect\\yolov5_master\\data\\Pills\\train\\labels... 150 images, 0 backgrounds, 0 corrupt: 100%|\u2588\u2588\u2588\u2588\u2588\u2588\u2588\u2588\u2588\u2588| 150/150 [00:\u001b[0m"},"type":"ws_msg"}
{"payload":{"local_timestamp":1715967506797,"message_id":174,"stderr":true,"stdout":"\n"},"type":"ws_msg"}
{"payload":{"local_timestamp":1715967506911,"message_id":175,"stderr":true,"stdout":"\u001b[34m\u001b[1mtrain: \u001b[0mNew cache created: C:\\Users\\TaeSan\\Desktop\\H_C\\Perfect\\yolov5_master\\data\\Pills\\train\\labels.cache\n"},"type":"ws_msg"}
{"payload":{"local_timestamp":1715967523476,"message_id":176,"metric":{"epoch":null,"metricName":"sys.gpu.0.gpu_utilization","metricValue":0,"step":null}},"type":"metric_msg"}
{"payload":{"local_timestamp":1715967523476,"message_id":177,"metric":{"epoch":null,"metricName":"sys.gpu.0.power_usage","metricValue":38458,"step":null}},"type":"metric_msg"}
{"payload":{"local_timestamp":1715967523476,"message_id":178,"metric":{"epoch":null,"metricName":"sys.gpu.0.temperature","metricValue":37,"step":null}},"type":"metric_msg"}
{"payload":{"local_timestamp":1715967523476,"message_id":179,"metric":{"epoch":null,"metricName":"sys.gpu.0.memory_utilization","metricValue":0,"step":null}},"type":"metric_msg"}
{"payload":{"local_timestamp":1715967523476,"message_id":180,"metric":{"epoch":null,"metricName":"sys.gpu.0.free_memory","metricValue":6946566144,"step":null}},"type":"metric_msg"}
{"payload":{"local_timestamp":1715967523476,"message_id":181,"metric":{"epoch":null,"metricName":"sys.gpu.0.used_memory","metricValue":1643368448,"step":null}},"type":"metric_msg"}
{"payload":{"local_timestamp":1715967523476,"message_id":182,"metric":{"epoch":null,"metricName":"sys.gpu.0.percent.used_memory","metricValue":19.13132667541504,"step":null}},"type":"metric_msg"}
{"payload":{"local_timestamp":1715967523584,"message_id":183,"metric":{"epoch":null,"metricName":"sys.cpu.percent.avg","metricValue":36.9,"step":null}},"type":"metric_msg"}
{"payload":{"local_timestamp":1715967523584,"message_id":184,"metric":{"epoch":null,"metricName":"sys.ram.total","metricValue":17032929280,"step":null}},"type":"metric_msg"}
{"payload":{"local_timestamp":1715967523584,"message_id":185,"metric":{"epoch":null,"metricName":"sys.ram.used","metricValue":14327119872,"step":null}},"type":"metric_msg"}
{"payload":{"local_timestamp":1715967523584,"message_id":186,"metric":{"epoch":null,"metricName":"sys.ram.available","metricValue":2705809408,"step":null}},"type":"metric_msg"}
{"payload":{"local_timestamp":1715967523584,"message_id":187,"metric":{"epoch":null,"metricName":"sys.ram.percent.used","metricValue":84.1,"step":null}},"type":"metric_msg"}
{"payload":{"local_timestamp":1715967523584,"message_id":188,"metric":{"epoch":null,"metricName":"sys.load.avg","metricValue":0.11,"step":null}},"type":"metric_msg"}
{"payload":{"local_timestamp":1715967523692,"message_id":189,"metric":{"epoch":null,"metricName":"sys.network.send_bps","metricValue":3105,"step":null}},"type":"metric_msg"}
{"payload":{"local_timestamp":1715967523692,"message_id":190,"metric":{"epoch":null,"metricName":"sys.network.receive_bps","metricValue":30286,"step":null}},"type":"metric_msg"}
{"payload":{"local_timestamp":1715967523801,"message_id":191,"metric":{"epoch":null,"metricName":"sys.disk.read_bps","metricValue":20474701.282164946,"step":null}},"type":"metric_msg"}
{"payload":{"local_timestamp":1715967523801,"message_id":192,"metric":{"epoch":null,"metricName":"sys.disk.write_bps","metricValue":32941776.204224847,"step":null}},"type":"metric_msg"}
{"payload":{"local_timestamp":1715967551753,"message_id":193,"stderr":true,"stdout":"\r\u001b[34m\u001b[1mval: \u001b[0mScanning C:\\Users\\TaeSan\\Desktop\\H_C\\Perfect\\yolov5_master\\data\\Pills\\valid\\labels...:   0%|          | 0/46 [00:00<?, ?it/s]\u001b[0m"},"type":"ws_msg"}
{"payload":{"local_timestamp":1715967553921,"message_id":194,"metric":{"epoch":null,"metricName":"sys.gpu.0.gpu_utilization","metricValue":0,"step":null}},"type":"metric_msg"}
{"payload":{"local_timestamp":1715967553921,"message_id":195,"metric":{"epoch":null,"metricName":"sys.gpu.0.power_usage","metricValue":38428,"step":null}},"type":"metric_msg"}
{"payload":{"local_timestamp":1715967553921,"message_id":196,"metric":{"epoch":null,"metricName":"sys.gpu.0.temperature","metricValue":37,"step":null}},"type":"metric_msg"}
{"payload":{"local_timestamp":1715967553921,"message_id":197,"metric":{"epoch":null,"metricName":"sys.gpu.0.memory_utilization","metricValue":0,"step":null}},"type":"metric_msg"}
{"payload":{"local_timestamp":1715967553921,"message_id":198,"metric":{"epoch":null,"metricName":"sys.gpu.0.free_memory","metricValue":6947352576,"step":null}},"type":"metric_msg"}
{"payload":{"local_timestamp":1715967553921,"message_id":199,"metric":{"epoch":null,"metricName":"sys.gpu.0.used_memory","metricValue":1642582016,"step":null}},"type":"metric_msg"}
{"payload":{"local_timestamp":1715967553921,"message_id":200,"metric":{"epoch":null,"metricName":"sys.gpu.0.percent.used_memory","metricValue":19.12217140197754,"step":null}},"type":"metric_msg"}
{"payload":{"local_timestamp":1715967554043,"message_id":201,"metric":{"epoch":null,"metricName":"sys.cpu.percent.avg","metricValue":23.850000000000005,"step":null}},"type":"metric_msg"}
{"payload":{"local_timestamp":1715967554043,"message_id":202,"metric":{"epoch":null,"metricName":"sys.ram.total","metricValue":17032929280,"step":null}},"type":"metric_msg"}
{"payload":{"local_timestamp":1715967554043,"message_id":203,"metric":{"epoch":null,"metricName":"sys.ram.used","metricValue":17023348736,"step":null}},"type":"metric_msg"}
{"payload":{"local_timestamp":1715967554043,"message_id":204,"metric":{"epoch":null,"metricName":"sys.ram.available","metricValue":9580544,"step":null}},"type":"metric_msg"}
{"payload":{"local_timestamp":1715967554043,"message_id":205,"metric":{"epoch":null,"metricName":"sys.ram.percent.used","metricValue":99.9,"step":null}},"type":"metric_msg"}
{"payload":{"local_timestamp":1715967554043,"message_id":206,"metric":{"epoch":null,"metricName":"sys.load.avg","metricValue":1.27,"step":null}},"type":"metric_msg"}
{"payload":{"local_timestamp":1715967554148,"message_id":207,"metric":{"epoch":null,"metricName":"sys.network.send_bps","metricValue":1916,"step":null}},"type":"metric_msg"}
{"payload":{"local_timestamp":1715967554148,"message_id":208,"metric":{"epoch":null,"metricName":"sys.network.receive_bps","metricValue":5554,"step":null}},"type":"metric_msg"}
{"payload":{"local_timestamp":1715967554256,"message_id":209,"metric":{"epoch":null,"metricName":"sys.disk.read_bps","metricValue":34959182.43122675,"step":null}},"type":"metric_msg"}
{"payload":{"local_timestamp":1715967554256,"message_id":210,"metric":{"epoch":null,"metricName":"sys.disk.write_bps","metricValue":9929669.764842005,"step":null}},"type":"metric_msg"}
{"payload":{"local_timestamp":1715967565751,"message_id":211,"stderr":true,"stdout":"\r\u001b[34m\u001b[1mval: \u001b[0mScanning C:\\Users\\TaeSan\\Desktop\\H_C\\Perfect\\yolov5_master\\data\\Pills\\valid\\labels... 1 images, 0 backgrounds, 0 corrupt:   2%|\u258f         | 1/46 [00:13<10:29, 13.99s/it]\u001b[0m"},"type":"ws_msg"}
{"payload":{"local_timestamp":1715967565777,"message_id":212,"stderr":true,"stdout":"\r\u001b[34m\u001b[1mval: \u001b[0mScanning C:\\Users\\TaeSan\\Desktop\\H_C\\Perfect\\yolov5_master\\data\\Pills\\valid\\labels... 46 images, 0 backgrounds, 0 corrupt: 100%|\u2588\u2588\u2588\u2588\u2588\u2588\u2588\u2588\u2588\u2588| 46/46 [00:14<00:00,  3.28it/s]\u001b[0m"},"type":"ws_msg"}
{"payload":{"local_timestamp":1715967565777,"message_id":213,"stderr":true,"stdout":"\n"},"type":"ws_msg"}
{"payload":{"local_timestamp":1715967565895,"message_id":214,"stderr":true,"stdout":"\u001b[34m\u001b[1mval: \u001b[0mNew cache created: C:\\Users\\TaeSan\\Desktop\\H_C\\Perfect\\yolov5_master\\data\\Pills\\valid\\labels.cache\n"},"type":"ws_msg"}
{"payload":{"local_timestamp":1715967584268,"message_id":215,"metric":{"epoch":null,"metricName":"sys.gpu.0.gpu_utilization","metricValue":0,"step":null}},"type":"metric_msg"}
{"payload":{"local_timestamp":1715967584268,"message_id":216,"metric":{"epoch":null,"metricName":"sys.gpu.0.power_usage","metricValue":38417,"step":null}},"type":"metric_msg"}
{"payload":{"local_timestamp":1715967584268,"message_id":217,"metric":{"epoch":null,"metricName":"sys.gpu.0.temperature","metricValue":37,"step":null}},"type":"metric_msg"}
{"payload":{"local_timestamp":1715967584268,"message_id":218,"metric":{"epoch":null,"metricName":"sys.gpu.0.memory_utilization","metricValue":0,"step":null}},"type":"metric_msg"}
{"payload":{"local_timestamp":1715967584268,"message_id":219,"metric":{"epoch":null,"metricName":"sys.gpu.0.free_memory","metricValue":6953644032,"step":null}},"type":"metric_msg"}
{"payload":{"local_timestamp":1715967584268,"message_id":220,"metric":{"epoch":null,"metricName":"sys.gpu.0.used_memory","metricValue":1636290560,"step":null}},"type":"metric_msg"}
{"payload":{"local_timestamp":1715967584268,"message_id":221,"metric":{"epoch":null,"metricName":"sys.gpu.0.percent.used_memory","metricValue":19.04892921447754,"step":null}},"type":"metric_msg"}
{"payload":{"local_timestamp":1715967584386,"message_id":222,"metric":{"epoch":null,"metricName":"sys.cpu.percent.avg","metricValue":38.21666666666667,"step":null}},"type":"metric_msg"}
{"payload":{"local_timestamp":1715967584386,"message_id":223,"metric":{"epoch":null,"metricName":"sys.ram.total","metricValue":17032929280,"step":null}},"type":"metric_msg"}
{"payload":{"local_timestamp":1715967584387,"message_id":224,"metric":{"epoch":null,"metricName":"sys.ram.used","metricValue":14039494656,"step":null}},"type":"metric_msg"}
{"payload":{"local_timestamp":1715967584387,"message_id":225,"metric":{"epoch":null,"metricName":"sys.ram.available","metricValue":2993434624,"step":null}},"type":"metric_msg"}
{"payload":{"local_timestamp":1715967584387,"message_id":226,"metric":{"epoch":null,"metricName":"sys.ram.percent.used","metricValue":82.4,"step":null}},"type":"metric_msg"}
{"payload":{"local_timestamp":1715967584387,"message_id":227,"metric":{"epoch":null,"metricName":"sys.load.avg","metricValue":0.93,"step":null}},"type":"metric_msg"}
{"payload":{"local_timestamp":1715967584494,"message_id":228,"metric":{"epoch":null,"metricName":"sys.network.send_bps","metricValue":2246,"step":null}},"type":"metric_msg"}
{"payload":{"local_timestamp":1715967584495,"message_id":229,"metric":{"epoch":null,"metricName":"sys.network.receive_bps","metricValue":7877,"step":null}},"type":"metric_msg"}
{"payload":{"local_timestamp":1715967584603,"message_id":230,"metric":{"epoch":null,"metricName":"sys.disk.read_bps","metricValue":55357688.06361083,"step":null}},"type":"metric_msg"}
{"payload":{"local_timestamp":1715967584603,"message_id":231,"metric":{"epoch":null,"metricName":"sys.disk.write_bps","metricValue":73091596.91054708,"step":null}},"type":"metric_msg"}
{"payload":{"local_timestamp":1715967614638,"message_id":232,"metric":{"epoch":null,"metricName":"sys.gpu.0.gpu_utilization","metricValue":0,"step":null}},"type":"metric_msg"}
{"payload":{"local_timestamp":1715967614638,"message_id":233,"metric":{"epoch":null,"metricName":"sys.gpu.0.power_usage","metricValue":38609,"step":null}},"type":"metric_msg"}
{"payload":{"local_timestamp":1715967614638,"message_id":234,"metric":{"epoch":null,"metricName":"sys.gpu.0.temperature","metricValue":37,"step":null}},"type":"metric_msg"}
{"payload":{"local_timestamp":1715967614638,"message_id":235,"metric":{"epoch":null,"metricName":"sys.gpu.0.memory_utilization","metricValue":0,"step":null}},"type":"metric_msg"}
{"payload":{"local_timestamp":1715967614638,"message_id":236,"metric":{"epoch":null,"metricName":"sys.gpu.0.free_memory","metricValue":6953644032,"step":null}},"type":"metric_msg"}
{"payload":{"local_timestamp":1715967614638,"message_id":237,"metric":{"epoch":null,"metricName":"sys.gpu.0.used_memory","metricValue":1636290560,"step":null}},"type":"metric_msg"}
{"payload":{"local_timestamp":1715967614638,"message_id":238,"metric":{"epoch":null,"metricName":"sys.gpu.0.percent.used_memory","metricValue":19.04892921447754,"step":null}},"type":"metric_msg"}
{"payload":{"local_timestamp":1715967614747,"message_id":239,"metric":{"epoch":null,"metricName":"sys.cpu.percent.avg","metricValue":17.983333333333334,"step":null}},"type":"metric_msg"}
{"payload":{"local_timestamp":1715967614747,"message_id":240,"metric":{"epoch":null,"metricName":"sys.ram.total","metricValue":17032929280,"step":null}},"type":"metric_msg"}
{"payload":{"local_timestamp":1715967614747,"message_id":241,"metric":{"epoch":null,"metricName":"sys.ram.used","metricValue":16784314368,"step":null}},"type":"metric_msg"}
{"payload":{"local_timestamp":1715967614747,"message_id":242,"metric":{"epoch":null,"metricName":"sys.ram.available","metricValue":248614912,"step":null}},"type":"metric_msg"}
{"payload":{"local_timestamp":1715967614747,"message_id":243,"metric":{"epoch":null,"metricName":"sys.ram.percent.used","metricValue":98.5,"step":null}},"type":"metric_msg"}
{"payload":{"local_timestamp":1715967614747,"message_id":244,"metric":{"epoch":null,"metricName":"sys.load.avg","metricValue":0.56,"step":null}},"type":"metric_msg"}
{"payload":{"local_timestamp":1715967614853,"message_id":245,"metric":{"epoch":null,"metricName":"sys.network.send_bps","metricValue":2092,"step":null}},"type":"metric_msg"}
{"payload":{"local_timestamp":1715967614853,"message_id":246,"metric":{"epoch":null,"metricName":"sys.network.receive_bps","metricValue":7826,"step":null}},"type":"metric_msg"}
{"payload":{"local_timestamp":1715967614960,"message_id":247,"metric":{"epoch":null,"metricName":"sys.disk.read_bps","metricValue":31508066.521150183,"step":null}},"type":"metric_msg"}
{"payload":{"local_timestamp":1715967614960,"message_id":248,"metric":{"epoch":null,"metricName":"sys.disk.write_bps","metricValue":4808595.015358148,"step":null}},"type":"metric_msg"}
{"payload":{"local_timestamp":1715967634460,"message_id":249,"stderr":true,"stdout":"\n\u001b[34m\u001b[1mAutoAnchor: \u001b[0m4.60 anchors/target, 1.000 Best Possible Recall (BPR). Current anchors are a good fit to dataset \n"},"type":"ws_msg"}
{"payload":{"local_timestamp":1715967635367,"message_id":250,"stderr":true,"stdout":"Plotting labels to runs\\train\\Test3\\labels.jpg... \n"},"type":"ws_msg"}
{"payload":{"additional_params":{"assetId":"36faa7c4524e4fb1ba00f219e896311d","context":null,"extension":"jpg","fileName":"labels.jpg","overwrite":false,"runId":null,"step":null},"clean":true,"file_path":"tmpwi37iey2","local_timestamp":1715967639732,"message_id":251,"metadata":{},"upload_type":"asset"},"type":"file_upload"}
{"payload":{"additional_params":{"assetId":"b36d3c244d9843fa92fc27e6efd848d3","context":null,"extension":"jpg","fileName":"labels_correlogram.jpg","overwrite":false,"runId":null,"step":null},"clean":true,"file_path":"tmpk9a9d1tz","local_timestamp":1715967639740,"message_id":252,"metadata":{},"upload_type":"asset"},"type":"file_upload"}
{"payload":{"local_timestamp":1715967639782,"message_id":253,"param":{"paramName":"cls","paramValue":0.006250000000000001,"source":"manual","step":null}},"type":"parameter_msg"}
{"payload":{"local_timestamp":1715967639783,"message_id":254,"stderr":true,"stdout":"Image sizes 640 train, 640 val\nUsing 8 dataloader workers\nLogging results to \u001b[1mruns\\train\\Test3\u001b[0m\nStarting training for 50 epochs...\n"},"type":"ws_msg"}
{"payload":{"local_timestamp":1715967639787,"message_id":255,"stderr":true,"stdout":"\n      Epoch    GPU_mem   box_loss   obj_loss   cls_loss  Instances       Size\n"},"type":"ws_msg"}
{"payload":{"local_timestamp":1715967639790,"message_id":256,"stderr":true,"stdout":"\r  0%|          | 0/10 [00:00<?, ?it/s]"},"type":"ws_msg"}
{"payload":{"local_timestamp":1715967641044,"message_id":257,"param":{"paramName":"curr_step","paramValue":0,"source":"auto-logged","step":0}},"type":"parameter_msg"}
{"payload":{"graph":"DetectionModel(\n  (model): Sequential(\n    (0): Conv(\n      (conv): Conv2d(3, 32, kernel_size=(6, 6), stride=(2, 2), padding=(2, 2), bias=False)\n      (bn): BatchNorm2d(32, eps=0.001, momentum=0.03, affine=True, track_running_stats=True)\n      (act): SiLU(inplace=True)\n    )\n    (1): Conv(\n      (conv): Conv2d(32, 64, kernel_size=(3, 3), stride=(2, 2), padding=(1, 1), bias=False)\n      (bn): BatchNorm2d(64, eps=0.001, momentum=0.03, affine=True, track_running_stats=True)\n      (act): SiLU(inplace=True)\n    )\n    (2): C3(\n      (cv1): Conv(\n        (conv): Conv2d(64, 32, kernel_size=(1, 1), stride=(1, 1), bias=False)\n        (bn): BatchNorm2d(32, eps=0.001, momentum=0.03, affine=True, track_running_stats=True)\n        (act): SiLU(inplace=True)\n      )\n      (cv2): Conv(\n        (conv): Conv2d(64, 32, kernel_size=(1, 1), stride=(1, 1), bias=False)\n        (bn): BatchNorm2d(32, eps=0.001, momentum=0.03, affine=True, track_running_stats=True)\n        (act): SiLU(inplace=True)\n      )\n      (cv3): Conv(\n        (conv): Conv2d(64, 64, kernel_size=(1, 1), stride=(1, 1), bias=False)\n        (bn): BatchNorm2d(64, eps=0.001, momentum=0.03, affine=True, track_running_stats=True)\n        (act): SiLU(inplace=True)\n      )\n      (m): Sequential(\n        (0): Bottleneck(\n          (cv1): Conv(\n            (conv): Conv2d(32, 32, kernel_size=(1, 1), stride=(1, 1), bias=False)\n            (bn): BatchNorm2d(32, eps=0.001, momentum=0.03, affine=True, track_running_stats=True)\n            (act): SiLU(inplace=True)\n          )\n          (cv2): Conv(\n            (conv): Conv2d(32, 32, kernel_size=(3, 3), stride=(1, 1), padding=(1, 1), bias=False)\n            (bn): BatchNorm2d(32, eps=0.001, momentum=0.03, affine=True, track_running_stats=True)\n            (act): SiLU(inplace=True)\n          )\n        )\n      )\n    )\n    (3): Conv(\n      (conv): Conv2d(64, 128, kernel_size=(3, 3), stride=(2, 2), padding=(1, 1), bias=False)\n      (bn): BatchNorm2d(128, eps=0.001, momentum=0.03, affine=True, track_running_stats=True)\n      (act): SiLU(inplace=True)\n    )\n    (4): C3(\n      (cv1): Conv(\n        (conv): Conv2d(128, 64, kernel_size=(1, 1), stride=(1, 1), bias=False)\n        (bn): BatchNorm2d(64, eps=0.001, momentum=0.03, affine=True, track_running_stats=True)\n        (act): SiLU(inplace=True)\n      )\n      (cv2): Conv(\n        (conv): Conv2d(128, 64, kernel_size=(1, 1), stride=(1, 1), bias=False)\n        (bn): BatchNorm2d(64, eps=0.001, momentum=0.03, affine=True, track_running_stats=True)\n        (act): SiLU(inplace=True)\n      )\n      (cv3): Conv(\n        (conv): Conv2d(128, 128, kernel_size=(1, 1), stride=(1, 1), bias=False)\n        (bn): BatchNorm2d(128, eps=0.001, momentum=0.03, affine=True, track_running_stats=True)\n        (act): SiLU(inplace=True)\n      )\n      (m): Sequential(\n        (0): Bottleneck(\n          (cv1): Conv(\n            (conv): Conv2d(64, 64, kernel_size=(1, 1), stride=(1, 1), bias=False)\n            (bn): BatchNorm2d(64, eps=0.001, momentum=0.03, affine=True, track_running_stats=True)\n            (act): SiLU(inplace=True)\n          )\n          (cv2): Conv(\n            (conv): Conv2d(64, 64, kernel_size=(3, 3), stride=(1, 1), padding=(1, 1), bias=False)\n            (bn): BatchNorm2d(64, eps=0.001, momentum=0.03, affine=True, track_running_stats=True)\n            (act): SiLU(inplace=True)\n          )\n        )\n        (1): Bottleneck(\n          (cv1): Conv(\n            (conv): Conv2d(64, 64, kernel_size=(1, 1), stride=(1, 1), bias=False)\n            (bn): BatchNorm2d(64, eps=0.001, momentum=0.03, affine=True, track_running_stats=True)\n            (act): SiLU(inplace=True)\n          )\n          (cv2): Conv(\n            (conv): Conv2d(64, 64, kernel_size=(3, 3), stride=(1, 1), padding=(1, 1), bias=False)\n            (bn): BatchNorm2d(64, eps=0.001, momentum=0.03, affine=True, track_running_stats=True)\n            (act): SiLU(inplace=True)\n          )\n        )\n      )\n    )\n    (5): Conv(\n      (conv): Conv2d(128, 256, kernel_size=(3, 3), stride=(2, 2), padding=(1, 1), bias=False)\n      (bn): BatchNorm2d(256, eps=0.001, momentum=0.03, affine=True, track_running_stats=True)\n      (act): SiLU(inplace=True)\n    )\n    (6): C3(\n      (cv1): Conv(\n        (conv): Conv2d(256, 128, kernel_size=(1, 1), stride=(1, 1), bias=False)\n        (bn): BatchNorm2d(128, eps=0.001, momentum=0.03, affine=True, track_running_stats=True)\n        (act): SiLU(inplace=True)\n      )\n      (cv2): Conv(\n        (conv): Conv2d(256, 128, kernel_size=(1, 1), stride=(1, 1), bias=False)\n        (bn): BatchNorm2d(128, eps=0.001, momentum=0.03, affine=True, track_running_stats=True)\n        (act): SiLU(inplace=True)\n      )\n      (cv3): Conv(\n        (conv): Conv2d(256, 256, kernel_size=(1, 1), stride=(1, 1), bias=False)\n        (bn): BatchNorm2d(256, eps=0.001, momentum=0.03, affine=True, track_running_stats=True)\n        (act): SiLU(inplace=True)\n      )\n      (m): Sequential(\n        (0): Bottleneck(\n          (cv1): Conv(\n            (conv): Conv2d(128, 128, kernel_size=(1, 1), stride=(1, 1), bias=False)\n            (bn): BatchNorm2d(128, eps=0.001, momentum=0.03, affine=True, track_running_stats=True)\n            (act): SiLU(inplace=True)\n          )\n          (cv2): Conv(\n            (conv): Conv2d(128, 128, kernel_size=(3, 3), stride=(1, 1), padding=(1, 1), bias=False)\n            (bn): BatchNorm2d(128, eps=0.001, momentum=0.03, affine=True, track_running_stats=True)\n            (act): SiLU(inplace=True)\n          )\n        )\n        (1): Bottleneck(\n          (cv1): Conv(\n            (conv): Conv2d(128, 128, kernel_size=(1, 1), stride=(1, 1), bias=False)\n            (bn): BatchNorm2d(128, eps=0.001, momentum=0.03, affine=True, track_running_stats=True)\n            (act): SiLU(inplace=True)\n          )\n          (cv2): Conv(\n            (conv): Conv2d(128, 128, kernel_size=(3, 3), stride=(1, 1), padding=(1, 1), bias=False)\n            (bn): BatchNorm2d(128, eps=0.001, momentum=0.03, affine=True, track_running_stats=True)\n            (act): SiLU(inplace=True)\n          )\n        )\n        (2): Bottleneck(\n          (cv1): Conv(\n            (conv): Conv2d(128, 128, kernel_size=(1, 1), stride=(1, 1), bias=False)\n            (bn): BatchNorm2d(128, eps=0.001, momentum=0.03, affine=True, track_running_stats=True)\n            (act): SiLU(inplace=True)\n          )\n          (cv2): Conv(\n            (conv): Conv2d(128, 128, kernel_size=(3, 3), stride=(1, 1), padding=(1, 1), bias=False)\n            (bn): BatchNorm2d(128, eps=0.001, momentum=0.03, affine=True, track_running_stats=True)\n            (act): SiLU(inplace=True)\n          )\n        )\n      )\n    )\n    (7): Conv(\n      (conv): Conv2d(256, 512, kernel_size=(3, 3), stride=(2, 2), padding=(1, 1), bias=False)\n      (bn): BatchNorm2d(512, eps=0.001, momentum=0.03, affine=True, track_running_stats=True)\n      (act): SiLU(inplace=True)\n    )\n    (8): C3(\n      (cv1): Conv(\n        (conv): Conv2d(512, 256, kernel_size=(1, 1), stride=(1, 1), bias=False)\n        (bn): BatchNorm2d(256, eps=0.001, momentum=0.03, affine=True, track_running_stats=True)\n        (act): SiLU(inplace=True)\n      )\n      (cv2): Conv(\n        (conv): Conv2d(512, 256, kernel_size=(1, 1), stride=(1, 1), bias=False)\n        (bn): BatchNorm2d(256, eps=0.001, momentum=0.03, affine=True, track_running_stats=True)\n        (act): SiLU(inplace=True)\n      )\n      (cv3): Conv(\n        (conv): Conv2d(512, 512, kernel_size=(1, 1), stride=(1, 1), bias=False)\n        (bn): BatchNorm2d(512, eps=0.001, momentum=0.03, affine=True, track_running_stats=True)\n        (act): SiLU(inplace=True)\n      )\n      (m): Sequential(\n        (0): Bottleneck(\n          (cv1): Conv(\n            (conv): Conv2d(256, 256, kernel_size=(1, 1), stride=(1, 1), bias=False)\n            (bn): BatchNorm2d(256, eps=0.001, momentum=0.03, affine=True, track_running_stats=True)\n            (act): SiLU(inplace=True)\n          )\n          (cv2): Conv(\n            (conv): Conv2d(256, 256, kernel_size=(3, 3), stride=(1, 1), padding=(1, 1), bias=False)\n            (bn): BatchNorm2d(256, eps=0.001, momentum=0.03, affine=True, track_running_stats=True)\n            (act): SiLU(inplace=True)\n          )\n        )\n      )\n    )\n    (9): SPPF(\n      (cv1): Conv(\n        (conv): Conv2d(512, 256, kernel_size=(1, 1), stride=(1, 1), bias=False)\n        (bn): BatchNorm2d(256, eps=0.001, momentum=0.03, affine=True, track_running_stats=True)\n        (act): SiLU(inplace=True)\n      )\n      (cv2): Conv(\n        (conv): Conv2d(1024, 512, kernel_size=(1, 1), stride=(1, 1), bias=False)\n        (bn): BatchNorm2d(512, eps=0.001, momentum=0.03, affine=True, track_running_stats=True)\n        (act): SiLU(inplace=True)\n      )\n      (m): MaxPool2d(kernel_size=5, stride=1, padding=2, dilation=1, ceil_mode=False)\n    )\n    (10): Conv(\n      (conv): Conv2d(512, 256, kernel_size=(1, 1), stride=(1, 1), bias=False)\n      (bn): BatchNorm2d(256, eps=0.001, momentum=0.03, affine=True, track_running_stats=True)\n      (act): SiLU(inplace=True)\n    )\n    (11): Upsample(scale_factor=2.0, mode='nearest')\n    (12): Concat()\n    (13): C3(\n      (cv1): Conv(\n        (conv): Conv2d(512, 128, kernel_size=(1, 1), stride=(1, 1), bias=False)\n        (bn): BatchNorm2d(128, eps=0.001, momentum=0.03, affine=True, track_running_stats=True)\n        (act): SiLU(inplace=True)\n      )\n      (cv2): Conv(\n        (conv): Conv2d(512, 128, kernel_size=(1, 1), stride=(1, 1), bias=False)\n        (bn): BatchNorm2d(128, eps=0.001, momentum=0.03, affine=True, track_running_stats=True)\n        (act): SiLU(inplace=True)\n      )\n      (cv3): Conv(\n        (conv): Conv2d(256, 256, kernel_size=(1, 1), stride=(1, 1), bias=False)\n        (bn): BatchNorm2d(256, eps=0.001, momentum=0.03, affine=True, track_running_stats=True)\n        (act): SiLU(inplace=True)\n      )\n      (m): Sequential(\n        (0): Bottleneck(\n          (cv1): Conv(\n            (conv): Conv2d(128, 128, kernel_size=(1, 1), stride=(1, 1), bias=False)\n            (bn): BatchNorm2d(128, eps=0.001, momentum=0.03, affine=True, track_running_stats=True)\n            (act): SiLU(inplace=True)\n          )\n          (cv2): Conv(\n            (conv): Conv2d(128, 128, kernel_size=(3, 3), stride=(1, 1), padding=(1, 1), bias=False)\n            (bn): BatchNorm2d(128, eps=0.001, momentum=0.03, affine=True, track_running_stats=True)\n            (act): SiLU(inplace=True)\n          )\n        )\n      )\n    )\n    (14): Conv(\n      (conv): Conv2d(256, 128, kernel_size=(1, 1), stride=(1, 1), bias=False)\n      (bn): BatchNorm2d(128, eps=0.001, momentum=0.03, affine=True, track_running_stats=True)\n      (act): SiLU(inplace=True)\n    )\n    (15): Upsample(scale_factor=2.0, mode='nearest')\n    (16): Concat()\n    (17): C3(\n      (cv1): Conv(\n        (conv): Conv2d(256, 64, kernel_size=(1, 1), stride=(1, 1), bias=False)\n        (bn): BatchNorm2d(64, eps=0.001, momentum=0.03, affine=True, track_running_stats=True)\n        (act): SiLU(inplace=True)\n      )\n      (cv2): Conv(\n        (conv): Conv2d(256, 64, kernel_size=(1, 1), stride=(1, 1), bias=False)\n        (bn): BatchNorm2d(64, eps=0.001, momentum=0.03, affine=True, track_running_stats=True)\n        (act): SiLU(inplace=True)\n      )\n      (cv3): Conv(\n        (conv): Conv2d(128, 128, kernel_size=(1, 1), stride=(1, 1), bias=False)\n        (bn): BatchNorm2d(128, eps=0.001, momentum=0.03, affine=True, track_running_stats=True)\n        (act): SiLU(inplace=True)\n      )\n      (m): Sequential(\n        (0): Bottleneck(\n          (cv1): Conv(\n            (conv): Conv2d(64, 64, kernel_size=(1, 1), stride=(1, 1), bias=False)\n            (bn): BatchNorm2d(64, eps=0.001, momentum=0.03, affine=True, track_running_stats=True)\n            (act): SiLU(inplace=True)\n          )\n          (cv2): Conv(\n            (conv): Conv2d(64, 64, kernel_size=(3, 3), stride=(1, 1), padding=(1, 1), bias=False)\n            (bn): BatchNorm2d(64, eps=0.001, momentum=0.03, affine=True, track_running_stats=True)\n            (act): SiLU(inplace=True)\n          )\n        )\n      )\n    )\n    (18): Conv(\n      (conv): Conv2d(128, 128, kernel_size=(3, 3), stride=(2, 2), padding=(1, 1), bias=False)\n      (bn): BatchNorm2d(128, eps=0.001, momentum=0.03, affine=True, track_running_stats=True)\n      (act): SiLU(inplace=True)\n    )\n    (19): Concat()\n    (20): C3(\n      (cv1): Conv(\n        (conv): Conv2d(256, 128, kernel_size=(1, 1), stride=(1, 1), bias=False)\n        (bn): BatchNorm2d(128, eps=0.001, momentum=0.03, affine=True, track_running_stats=True)\n        (act): SiLU(inplace=True)\n      )\n      (cv2): Conv(\n        (conv): Conv2d(256, 128, kernel_size=(1, 1), stride=(1, 1), bias=False)\n        (bn): BatchNorm2d(128, eps=0.001, momentum=0.03, affine=True, track_running_stats=True)\n        (act): SiLU(inplace=True)\n      )\n      (cv3): Conv(\n        (conv): Conv2d(256, 256, kernel_size=(1, 1), stride=(1, 1), bias=False)\n        (bn): BatchNorm2d(256, eps=0.001, momentum=0.03, affine=True, track_running_stats=True)\n        (act): SiLU(inplace=True)\n      )\n      (m): Sequential(\n        (0): Bottleneck(\n          (cv1): Conv(\n            (conv): Conv2d(128, 128, kernel_size=(1, 1), stride=(1, 1), bias=False)\n            (bn): BatchNorm2d(128, eps=0.001, momentum=0.03, affine=True, track_running_stats=True)\n            (act): SiLU(inplace=True)\n          )\n          (cv2): Conv(\n            (conv): Conv2d(128, 128, kernel_size=(3, 3), stride=(1, 1), padding=(1, 1), bias=False)\n            (bn): BatchNorm2d(128, eps=0.001, momentum=0.03, affine=True, track_running_stats=True)\n            (act): SiLU(inplace=True)\n          )\n        )\n      )\n    )\n    (21): Conv(\n      (conv): Conv2d(256, 256, kernel_size=(3, 3), stride=(2, 2), padding=(1, 1), bias=False)\n      (bn): BatchNorm2d(256, eps=0.001, momentum=0.03, affine=True, track_running_stats=True)\n      (act): SiLU(inplace=True)\n    )\n    (22): Concat()\n    (23): C3(\n      (cv1): Conv(\n        (conv): Conv2d(512, 256, kernel_size=(1, 1), stride=(1, 1), bias=False)\n        (bn): BatchNorm2d(256, eps=0.001, momentum=0.03, affine=True, track_running_stats=True)\n        (act): SiLU(inplace=True)\n      )\n      (cv2): Conv(\n        (conv): Conv2d(512, 256, kernel_size=(1, 1), stride=(1, 1), bias=False)\n        (bn): BatchNorm2d(256, eps=0.001, momentum=0.03, affine=True, track_running_stats=True)\n        (act): SiLU(inplace=True)\n      )\n      (cv3): Conv(\n        (conv): Conv2d(512, 512, kernel_size=(1, 1), stride=(1, 1), bias=False)\n        (bn): BatchNorm2d(512, eps=0.001, momentum=0.03, affine=True, track_running_stats=True)\n        (act): SiLU(inplace=True)\n      )\n      (m): Sequential(\n        (0): Bottleneck(\n          (cv1): Conv(\n            (conv): Conv2d(256, 256, kernel_size=(1, 1), stride=(1, 1), bias=False)\n            (bn): BatchNorm2d(256, eps=0.001, momentum=0.03, affine=True, track_running_stats=True)\n            (act): SiLU(inplace=True)\n          )\n          (cv2): Conv(\n            (conv): Conv2d(256, 256, kernel_size=(3, 3), stride=(1, 1), padding=(1, 1), bias=False)\n            (bn): BatchNorm2d(256, eps=0.001, momentum=0.03, affine=True, track_running_stats=True)\n            (act): SiLU(inplace=True)\n          )\n        )\n      )\n    )\n    (24): Detect(\n      (m): ModuleList(\n        (0): Conv2d(128, 18, kernel_size=(1, 1), stride=(1, 1))\n        (1): Conv2d(256, 18, kernel_size=(1, 1), stride=(1, 1))\n        (2): Conv2d(512, 18, kernel_size=(1, 1), stride=(1, 1))\n      )\n    )\n  )\n)","local_timestamp":1715967641045,"message_id":258},"type":"ws_msg"}
{"payload":{"local_timestamp":1715967641057,"message_id":259,"metric":{"epoch":null,"metricName":"loss","metricValue":2.360846996307373,"step":0}},"type":"metric_msg"}
{"payload":{"local_timestamp":1715967641133,"message_id":260,"stderr":true,"stdout":"\r       0/49      0.86G     0.1155    0.03207          0         30        640:   0%|          | 0/10 [00:01<?, ?it/s]"},"type":"ws_msg"}
{"payload":{"local_timestamp":1715967642468,"message_id":261,"stderr":true,"stdout":"\r       0/49      0.86G     0.1155    0.03207          0         30        640:  10%|\u2588         | 1/10 [00:02<00:24,  2.68s/it]"},"type":"ws_msg"}
{"payload":{"local_timestamp":1715967642656,"message_id":262,"stderr":true,"stdout":"\r       0/49      0.86G     0.1155    0.03207          0         30        640:  10%|\u2588         | 1/10 [00:02<00:25,  2.87s/it]"},"type":"ws_msg"}
{"payload":{"local_timestamp":1715967642656,"message_id":263,"stderr":true,"stdout":"\n"},"type":"ws_msg"}
{"payload":{"local_timestamp":1715967642657,"message_id":264,"stderr":true,"stdout":"Traceback (most recent call last):\n"},"type":"ws_msg"}
{"payload":{"local_timestamp":1715967642657,"message_id":265,"stderr":true,"stdout":"  File \"train.py\", line 848, in <module>\n"},"type":"ws_msg"}
{"payload":{"local_timestamp":1715967642658,"message_id":266,"stderr":true,"stdout":"    "},"type":"ws_msg"}
{"payload":{"local_timestamp":1715967642658,"message_id":267,"stderr":true,"stdout":"main(opt)"},"type":"ws_msg"}
{"payload":{"local_timestamp":1715967642659,"message_id":268,"stderr":true,"stdout":"\n"},"type":"ws_msg"}
{"payload":{"local_timestamp":1715967642659,"message_id":269,"stderr":true,"stdout":"  File \"train.py\", line 623, in main\n"},"type":"ws_msg"}
{"payload":{"local_timestamp":1715967642659,"message_id":270,"stderr":true,"stdout":"    "},"type":"ws_msg"}
{"payload":{"local_timestamp":1715967642659,"message_id":271,"stderr":true,"stdout":"train(opt.hyp, opt, device, callbacks)"},"type":"ws_msg"}
{"payload":{"local_timestamp":1715967642659,"message_id":272,"stderr":true,"stdout":"\n"},"type":"ws_msg"}
{"payload":{"local_timestamp":1715967642659,"message_id":273,"stderr":true,"stdout":"  File \"train.py\", line 382, in train\n"},"type":"ws_msg"}
{"payload":{"local_timestamp":1715967642659,"message_id":274,"stderr":true,"stdout":"    "},"type":"ws_msg"}
{"payload":{"local_timestamp":1715967642659,"message_id":275,"stderr":true,"stdout":"pred = model(imgs)  # forward"},"type":"ws_msg"}
{"payload":{"local_timestamp":1715967642659,"message_id":276,"stderr":true,"stdout":"\n"},"type":"ws_msg"}
{"payload":{"local_timestamp":1715967642659,"message_id":277,"stderr":true,"stdout":"  File \"C:\\Users\\TaeSan\\AppData\\Local\\Programs\\Python\\Python38\\lib\\site-packages\\torch\\nn\\modules\\module.py\", line 1532, in _wrapped_call_impl\n"},"type":"ws_msg"}
{"payload":{"local_timestamp":1715967642677,"message_id":278,"stderr":true,"stdout":"    "},"type":"ws_msg"}
{"payload":{"local_timestamp":1715967642677,"message_id":279,"stderr":true,"stdout":"return self._call_impl(*args, **kwargs)"},"type":"ws_msg"}
{"payload":{"local_timestamp":1715967642677,"message_id":280,"stderr":true,"stdout":"\n"},"type":"ws_msg"}
{"payload":{"local_timestamp":1715967642677,"message_id":281,"stderr":true,"stdout":"  File \"C:\\Users\\TaeSan\\AppData\\Local\\Programs\\Python\\Python38\\lib\\site-packages\\torch\\nn\\modules\\module.py\", line 1541, in _call_impl\n"},"type":"ws_msg"}
{"payload":{"local_timestamp":1715967642677,"message_id":282,"stderr":true,"stdout":"    "},"type":"ws_msg"}
{"payload":{"local_timestamp":1715967642677,"message_id":283,"stderr":true,"stdout":"return forward_call(*args, **kwargs)"},"type":"ws_msg"}
{"payload":{"local_timestamp":1715967642678,"message_id":284,"stderr":true,"stdout":"\n"},"type":"ws_msg"}
{"payload":{"local_timestamp":1715967642678,"message_id":285,"stderr":true,"stdout":"  File \"C:\\Users\\TaeSan\\Desktop\\H_C\\Perfect\\yolov5_master\\models\\yolo.py\", line 263, in forward\n"},"type":"ws_msg"}
{"payload":{"local_timestamp":1715967642678,"message_id":286,"stderr":true,"stdout":"    "},"type":"ws_msg"}
{"payload":{"local_timestamp":1715967642678,"message_id":287,"stderr":true,"stdout":"return self._forward_once(x, profile, visualize)  # single-scale inference, train"},"type":"ws_msg"}
{"payload":{"local_timestamp":1715967642678,"message_id":288,"stderr":true,"stdout":"\n"},"type":"ws_msg"}
{"payload":{"local_timestamp":1715967642678,"message_id":289,"stderr":true,"stdout":"  File \"C:\\Users\\TaeSan\\Desktop\\H_C\\Perfect\\yolov5_master\\models\\yolo.py\", line 167, in _forward_once\n"},"type":"ws_msg"}
{"payload":{"local_timestamp":1715967642678,"message_id":290,"stderr":true,"stdout":"    "},"type":"ws_msg"}
{"payload":{"local_timestamp":1715967642678,"message_id":291,"stderr":true,"stdout":"x = m(x)  # run"},"type":"ws_msg"}
{"payload":{"local_timestamp":1715967642678,"message_id":292,"stderr":true,"stdout":"\n"},"type":"ws_msg"}
{"payload":{"local_timestamp":1715967642678,"message_id":293,"stderr":true,"stdout":"  File \"C:\\Users\\TaeSan\\AppData\\Local\\Programs\\Python\\Python38\\lib\\site-packages\\torch\\nn\\modules\\module.py\", line 1532, in _wrapped_call_impl\n"},"type":"ws_msg"}
{"payload":{"local_timestamp":1715967642679,"message_id":294,"stderr":true,"stdout":"    "},"type":"ws_msg"}
{"payload":{"local_timestamp":1715967642679,"message_id":295,"stderr":true,"stdout":"return self._call_impl(*args, **kwargs)"},"type":"ws_msg"}
{"payload":{"local_timestamp":1715967642679,"message_id":296,"stderr":true,"stdout":"\n"},"type":"ws_msg"}
{"payload":{"local_timestamp":1715967642679,"message_id":297,"stderr":true,"stdout":"  File \"C:\\Users\\TaeSan\\AppData\\Local\\Programs\\Python\\Python38\\lib\\site-packages\\torch\\nn\\modules\\module.py\", line 1541, in _call_impl\n"},"type":"ws_msg"}
{"payload":{"local_timestamp":1715967642679,"message_id":298,"stderr":true,"stdout":"    "},"type":"ws_msg"}
{"payload":{"local_timestamp":1715967642679,"message_id":299,"stderr":true,"stdout":"return forward_call(*args, **kwargs)"},"type":"ws_msg"}
{"payload":{"local_timestamp":1715967642679,"message_id":300,"stderr":true,"stdout":"\n"},"type":"ws_msg"}
{"payload":{"local_timestamp":1715967642679,"message_id":301,"stderr":true,"stdout":"  File \"C:\\Users\\TaeSan\\Desktop\\H_C\\Perfect\\yolov5_master\\models\\common.py\", line 238, in forward\n"},"type":"ws_msg"}
{"payload":{"local_timestamp":1715967642680,"message_id":302,"stderr":true,"stdout":"    "},"type":"ws_msg"}
{"payload":{"local_timestamp":1715967642680,"message_id":303,"stderr":true,"stdout":"return self.cv3(torch.cat((self.m(self.cv1(x)), self.cv2(x)), 1))"},"type":"ws_msg"}
{"payload":{"local_timestamp":1715967642680,"message_id":304,"stderr":true,"stdout":"\n"},"type":"ws_msg"}
{"payload":{"local_timestamp":1715967642680,"message_id":305,"stderr":true,"stdout":"torch.cuda"},"type":"ws_msg"}
{"payload":{"local_timestamp":1715967642680,"message_id":306,"stderr":true,"stdout":"."},"type":"ws_msg"}
{"payload":{"local_timestamp":1715967642680,"message_id":307,"stderr":true,"stdout":"OutOfMemoryError"},"type":"ws_msg"}
{"payload":{"local_timestamp":1715967642680,"message_id":308,"stderr":true,"stdout":": "},"type":"ws_msg"}
{"payload":{"local_timestamp":1715967642680,"message_id":309,"stderr":true,"stdout":"CUDA out of memory. Tried to allocate 14.00 MiB. GPU "},"type":"ws_msg"}
{"payload":{"local_timestamp":1715967642680,"message_id":310,"stderr":true,"stdout":"\n"},"type":"ws_msg"}
{"payload":{"local_timestamp":1715967642681,"log_other":{"key":"Created from","val":"pytorch"},"message_id":311},"type":"ws_msg"}
{"payload":{"local_timestamp":1715967642682,"message_id":312,"stderr":true,"stdout":"\u001b[1;38;5;39mCOMET INFO:\u001b[0m ---------------------------------------------------------------------------------------\n"},"type":"ws_msg"}
{"payload":{"local_timestamp":1715967642682,"message_id":313,"stderr":true,"stdout":"\u001b[1;38;5;39mCOMET INFO:\u001b[0m Comet.ml OfflineExperiment Summary\n"},"type":"ws_msg"}
{"payload":{"local_timestamp":1715967642682,"message_id":314,"stderr":true,"stdout":"\u001b[1;38;5;39mCOMET INFO:\u001b[0m ---------------------------------------------------------------------------------------\n"},"type":"ws_msg"}
{"payload":{"local_timestamp":1715967642682,"message_id":315,"stderr":true,"stdout":"\u001b[1;38;5;39mCOMET INFO:\u001b[0m   Data:\n"},"type":"ws_msg"}
{"payload":{"local_timestamp":1715967642682,"message_id":316,"stderr":true,"stdout":"\u001b[1;38;5;39mCOMET INFO:\u001b[0m     display_summary_level : 1\n"},"type":"ws_msg"}
{"payload":{"local_timestamp":1715967642682,"message_id":317,"stderr":true,"stdout":"\u001b[1;38;5;39mCOMET INFO:\u001b[0m     name                  : Test\n"},"type":"ws_msg"}
{"payload":{"local_timestamp":1715967642683,"message_id":318,"stderr":true,"stdout":"\u001b[1;38;5;39mCOMET INFO:\u001b[0m     url                   : [OfflineExperiment will get URL after upload]\n"},"type":"ws_msg"}
{"payload":{"local_timestamp":1715967642683,"message_id":319,"stderr":true,"stdout":"\u001b[1;38;5;39mCOMET INFO:\u001b[0m   Metrics:\n"},"type":"ws_msg"}
{"payload":{"local_timestamp":1715967642683,"message_id":320,"stderr":true,"stdout":"\u001b[1;38;5;39mCOMET INFO:\u001b[0m     loss : 2.360846996307373\n"},"type":"ws_msg"}
{"payload":{"local_timestamp":1715967642683,"message_id":321,"stderr":true,"stdout":"\u001b[1;38;5;39mCOMET INFO:\u001b[0m   Others:\n"},"type":"ws_msg"}
{"payload":{"local_timestamp":1715967642683,"message_id":322,"stderr":true,"stdout":"\u001b[1;38;5;39mCOMET INFO:\u001b[0m     Name                        : Test\n"},"type":"ws_msg"}
{"payload":{"local_timestamp":1715967642683,"message_id":323,"stderr":true,"stdout":"\u001b[1;38;5;39mCOMET INFO:\u001b[0m     comet_log_batch_metrics     : False\n"},"type":"ws_msg"}
{"payload":{"local_timestamp":1715967642683,"message_id":324,"stderr":true,"stdout":"\u001b[1;38;5;39mCOMET INFO:\u001b[0m     comet_log_confusion_matrix  : True\n"},"type":"ws_msg"}
{"payload":{"local_timestamp":1715967642683,"message_id":325,"stderr":true,"stdout":"\u001b[1;38;5;39mCOMET INFO:\u001b[0m     comet_log_per_class_metrics : False\n"},"type":"ws_msg"}
{"payload":{"local_timestamp":1715967642683,"message_id":326,"stderr":true,"stdout":"\u001b[1;38;5;39mCOMET INFO:\u001b[0m     comet_max_image_uploads     : 100\n"},"type":"ws_msg"}
{"payload":{"local_timestamp":1715967642684,"message_id":327,"stderr":true,"stdout":"\u001b[1;38;5;39mCOMET INFO:\u001b[0m     comet_mode                  : online\n"},"type":"ws_msg"}
{"payload":{"local_timestamp":1715967642684,"message_id":328,"stderr":true,"stdout":"\u001b[1;38;5;39mCOMET INFO:\u001b[0m     comet_model_name            : yolov5\n"},"type":"ws_msg"}
{"payload":{"local_timestamp":1715967642684,"message_id":329,"stderr":true,"stdout":"\u001b[1;38;5;39mCOMET INFO:\u001b[0m     hasNestedParams             : True\n"},"type":"ws_msg"}
{"payload":{"local_timestamp":1715967642684,"message_id":330,"stderr":true,"stdout":"\u001b[1;38;5;39mCOMET INFO:\u001b[0m     offline_experiment          : True\n"},"type":"ws_msg"}
{"payload":{"local_timestamp":1715967642684,"message_id":331,"stderr":true,"stdout":"\u001b[1;38;5;39mCOMET INFO:\u001b[0m   Parameters:\n"},"type":"ws_msg"}
{"payload":{"local_timestamp":1715967642684,"message_id":332,"stderr":true,"stdout":"\u001b[1;38;5;39mCOMET INFO:\u001b[0m     anchor_t            : 4.0\n"},"type":"ws_msg"}
{"payload":{"local_timestamp":1715967642684,"message_id":333,"stderr":true,"stdout":"\u001b[1;38;5;39mCOMET INFO:\u001b[0m     artifact_alias      : latest\n"},"type":"ws_msg"}
{"payload":{"local_timestamp":1715967642685,"message_id":334,"stderr":true,"stdout":"\u001b[1;38;5;39mCOMET INFO:\u001b[0m     batch_size          : 16\n"},"type":"ws_msg"}
{"payload":{"local_timestamp":1715967642685,"message_id":335,"stderr":true,"stdout":"\u001b[1;38;5;39mCOMET INFO:\u001b[0m     bbox_interval       : -1\n"},"type":"ws_msg"}
{"payload":{"local_timestamp":1715967642685,"message_id":336,"stderr":true,"stdout":"\u001b[1;38;5;39mCOMET INFO:\u001b[0m     box                 : 0.05\n"},"type":"ws_msg"}
{"payload":{"local_timestamp":1715967642685,"message_id":337,"stderr":true,"stdout":"\u001b[1;38;5;39mCOMET INFO:\u001b[0m     bucket              : \n"},"type":"ws_msg"}
{"payload":{"local_timestamp":1715967642685,"message_id":338,"stderr":true,"stdout":"\u001b[1;38;5;39mCOMET INFO:\u001b[0m     cache               : None\n"},"type":"ws_msg"}
{"payload":{"local_timestamp":1715967642685,"message_id":339,"stderr":true,"stdout":"\u001b[1;38;5;39mCOMET INFO:\u001b[0m     cls                 : 0.006250000000000001\n"},"type":"ws_msg"}
{"payload":{"local_timestamp":1715967642685,"message_id":340,"stderr":true,"stdout":"\u001b[1;38;5;39mCOMET INFO:\u001b[0m     cls_pw              : 1.0\n"},"type":"ws_msg"}
{"payload":{"local_timestamp":1715967642685,"message_id":341,"stderr":true,"stdout":"\u001b[1;38;5;39mCOMET INFO:\u001b[0m     copy_paste          : 0.0\n"},"type":"ws_msg"}
{"payload":{"local_timestamp":1715967642685,"message_id":342,"stderr":true,"stdout":"\u001b[1;38;5;39mCOMET INFO:\u001b[0m     cos_lr              : False\n"},"type":"ws_msg"}
{"payload":{"local_timestamp":1715967642686,"message_id":343,"stderr":true,"stdout":"\u001b[1;38;5;39mCOMET INFO:\u001b[0m     degrees             : 0.0\n"},"type":"ws_msg"}
{"payload":{"local_timestamp":1715967642686,"message_id":344,"stderr":true,"stdout":"\u001b[1;38;5;39mCOMET INFO:\u001b[0m     device              : \n"},"type":"ws_msg"}
{"payload":{"local_timestamp":1715967642686,"message_id":345,"stderr":true,"stdout":"\u001b[1;38;5;39mCOMET INFO:\u001b[0m     entity              : None\n"},"type":"ws_msg"}
{"payload":{"local_timestamp":1715967642686,"message_id":346,"stderr":true,"stdout":"\u001b[1;38;5;39mCOMET INFO:\u001b[0m     evolve              : None\n"},"type":"ws_msg"}
{"payload":{"local_timestamp":1715967642686,"message_id":347,"stderr":true,"stdout":"\u001b[1;38;5;39mCOMET INFO:\u001b[0m     evolve_population   : data\\hyps\n"},"type":"ws_msg"}
{"payload":{"local_timestamp":1715967642686,"message_id":348,"stderr":true,"stdout":"\u001b[1;38;5;39mCOMET INFO:\u001b[0m     exist_ok            : False\n"},"type":"ws_msg"}
{"payload":{"local_timestamp":1715967642686,"message_id":349,"stderr":true,"stdout":"\u001b[1;38;5;39mCOMET INFO:\u001b[0m     fl_gamma            : 0.0\n"},"type":"ws_msg"}
{"payload":{"local_timestamp":1715967642686,"message_id":350,"stderr":true,"stdout":"\u001b[1;38;5;39mCOMET INFO:\u001b[0m     fliplr              : 0.5\n"},"type":"ws_msg"}
{"payload":{"local_timestamp":1715967642686,"message_id":351,"stderr":true,"stdout":"\u001b[1;38;5;39mCOMET INFO:\u001b[0m     flipud              : 0.0\n"},"type":"ws_msg"}
{"payload":{"local_timestamp":1715967642687,"message_id":352,"stderr":true,"stdout":"\u001b[1;38;5;39mCOMET INFO:\u001b[0m     freeze              : [0]\n"},"type":"ws_msg"}
{"payload":{"local_timestamp":1715967642687,"message_id":353,"stderr":true,"stdout":"\u001b[1;38;5;39mCOMET INFO:\u001b[0m     hsv_h               : 0.015\n"},"type":"ws_msg"}
{"payload":{"local_timestamp":1715967642687,"message_id":354,"stderr":true,"stdout":"\u001b[1;38;5;39mCOMET INFO:\u001b[0m     hsv_s               : 0.7\n"},"type":"ws_msg"}
{"payload":{"local_timestamp":1715967642687,"message_id":355,"stderr":true,"stdout":"\u001b[1;38;5;39mCOMET INFO:\u001b[0m     hsv_v               : 0.4\n"},"type":"ws_msg"}
{"payload":{"local_timestamp":1715967642687,"message_id":356,"stderr":true,"stdout":"\u001b[1;38;5;39mCOMET INFO:\u001b[0m     hyp|anchor_t        : 4.0\n"},"type":"ws_msg"}
{"payload":{"local_timestamp":1715967642687,"message_id":357,"stderr":true,"stdout":"\u001b[1;38;5;39mCOMET INFO:\u001b[0m     hyp|box             : 0.05\n"},"type":"ws_msg"}
{"payload":{"local_timestamp":1715967642687,"message_id":358,"stderr":true,"stdout":"\u001b[1;38;5;39mCOMET INFO:\u001b[0m     hyp|cls             : 0.5\n"},"type":"ws_msg"}
{"payload":{"local_timestamp":1715967642687,"message_id":359,"stderr":true,"stdout":"\u001b[1;38;5;39mCOMET INFO:\u001b[0m     hyp|cls_pw          : 1.0\n"},"type":"ws_msg"}
{"payload":{"local_timestamp":1715967642687,"message_id":360,"stderr":true,"stdout":"\u001b[1;38;5;39mCOMET INFO:\u001b[0m     hyp|copy_paste      : 0.0\n"},"type":"ws_msg"}
{"payload":{"local_timestamp":1715967642687,"message_id":361,"stderr":true,"stdout":"\u001b[1;38;5;39mCOMET INFO:\u001b[0m     hyp|degrees         : 0.0\n"},"type":"ws_msg"}
{"payload":{"local_timestamp":1715967642688,"message_id":362,"stderr":true,"stdout":"\u001b[1;38;5;39mCOMET INFO:\u001b[0m     hyp|fl_gamma        : 0.0\n"},"type":"ws_msg"}
{"payload":{"local_timestamp":1715967642688,"message_id":363,"stderr":true,"stdout":"\u001b[1;38;5;39mCOMET INFO:\u001b[0m     hyp|fliplr          : 0.5\n"},"type":"ws_msg"}
{"payload":{"local_timestamp":1715967642688,"message_id":364,"stderr":true,"stdout":"\u001b[1;38;5;39mCOMET INFO:\u001b[0m     hyp|flipud          : 0.0\n"},"type":"ws_msg"}
{"payload":{"local_timestamp":1715967642688,"message_id":365,"stderr":true,"stdout":"\u001b[1;38;5;39mCOMET INFO:\u001b[0m     hyp|hsv_h           : 0.015\n"},"type":"ws_msg"}
{"payload":{"local_timestamp":1715967642688,"message_id":366,"stderr":true,"stdout":"\u001b[1;38;5;39mCOMET INFO:\u001b[0m     hyp|hsv_s           : 0.7\n"},"type":"ws_msg"}
{"payload":{"local_timestamp":1715967642688,"message_id":367,"stderr":true,"stdout":"\u001b[1;38;5;39mCOMET INFO:\u001b[0m     hyp|hsv_v           : 0.4\n"},"type":"ws_msg"}
{"payload":{"local_timestamp":1715967642688,"message_id":368,"stderr":true,"stdout":"\u001b[1;38;5;39mCOMET INFO:\u001b[0m     hyp|iou_t           : 0.2\n"},"type":"ws_msg"}
{"payload":{"local_timestamp":1715967642688,"message_id":369,"stderr":true,"stdout":"\u001b[1;38;5;39mCOMET INFO:\u001b[0m     hyp|lr0             : 0.01\n"},"type":"ws_msg"}
{"payload":{"local_timestamp":1715967642688,"message_id":370,"stderr":true,"stdout":"\u001b[1;38;5;39mCOMET INFO:\u001b[0m     hyp|lrf             : 0.01\n"},"type":"ws_msg"}
{"payload":{"local_timestamp":1715967642688,"message_id":371,"stderr":true,"stdout":"\u001b[1;38;5;39mCOMET INFO:\u001b[0m     hyp|mixup           : 0.0\n"},"type":"ws_msg"}
{"payload":{"local_timestamp":1715967642688,"message_id":372,"stderr":true,"stdout":"\u001b[1;38;5;39mCOMET INFO:\u001b[0m     hyp|momentum        : 0.937\n"},"type":"ws_msg"}
{"payload":{"local_timestamp":1715967642688,"message_id":373,"stderr":true,"stdout":"\u001b[1;38;5;39mCOMET INFO:\u001b[0m     hyp|mosaic          : 1.0\n"},"type":"ws_msg"}
{"payload":{"local_timestamp":1715967642689,"message_id":374,"stderr":true,"stdout":"\u001b[1;38;5;39mCOMET INFO:\u001b[0m     hyp|obj             : 1.0\n"},"type":"ws_msg"}
{"payload":{"local_timestamp":1715967642689,"message_id":375,"stderr":true,"stdout":"\u001b[1;38;5;39mCOMET INFO:\u001b[0m     hyp|obj_pw          : 1.0\n"},"type":"ws_msg"}
{"payload":{"local_timestamp":1715967642689,"message_id":376,"stderr":true,"stdout":"\u001b[1;38;5;39mCOMET INFO:\u001b[0m     hyp|perspective     : 0.0\n"},"type":"ws_msg"}
{"payload":{"local_timestamp":1715967642689,"message_id":377,"stderr":true,"stdout":"\u001b[1;38;5;39mCOMET INFO:\u001b[0m     hyp|scale           : 0.5\n"},"type":"ws_msg"}
{"payload":{"local_timestamp":1715967642689,"message_id":378,"stderr":true,"stdout":"\u001b[1;38;5;39mCOMET INFO:\u001b[0m     hyp|shear           : 0.0\n"},"type":"ws_msg"}
{"payload":{"local_timestamp":1715967642689,"message_id":379,"stderr":true,"stdout":"\u001b[1;38;5;39mCOMET INFO:\u001b[0m     hyp|translate       : 0.1\n"},"type":"ws_msg"}
{"payload":{"local_timestamp":1715967642689,"message_id":380,"stderr":true,"stdout":"\u001b[1;38;5;39mCOMET INFO:\u001b[0m     hyp|warmup_bias_lr  : 0.1\n"},"type":"ws_msg"}
{"payload":{"local_timestamp":1715967642689,"message_id":381,"stderr":true,"stdout":"\u001b[1;38;5;39mCOMET INFO:\u001b[0m     hyp|warmup_epochs   : 3.0\n"},"type":"ws_msg"}
{"payload":{"local_timestamp":1715967642689,"message_id":382,"stderr":true,"stdout":"\u001b[1;38;5;39mCOMET INFO:\u001b[0m     hyp|warmup_momentum : 0.8\n"},"type":"ws_msg"}
{"payload":{"local_timestamp":1715967642689,"message_id":383,"stderr":true,"stdout":"\u001b[1;38;5;39mCOMET INFO:\u001b[0m     hyp|weight_decay    : 0.0005\n"},"type":"ws_msg"}
{"payload":{"local_timestamp":1715967642689,"message_id":384,"stderr":true,"stdout":"\u001b[1;38;5;39mCOMET INFO:\u001b[0m     image_weights       : False\n"},"type":"ws_msg"}
{"payload":{"local_timestamp":1715967642689,"message_id":385,"stderr":true,"stdout":"\u001b[1;38;5;39mCOMET INFO:\u001b[0m     imgsz               : 640\n"},"type":"ws_msg"}
{"payload":{"local_timestamp":1715967642690,"message_id":386,"stderr":true,"stdout":"\u001b[1;38;5;39mCOMET INFO:\u001b[0m     iou_t               : 0.2\n"},"type":"ws_msg"}
{"payload":{"local_timestamp":1715967642690,"message_id":387,"stderr":true,"stdout":"\u001b[1;38;5;39mCOMET INFO:\u001b[0m     label_smoothing     : 0.0\n"},"type":"ws_msg"}
{"payload":{"local_timestamp":1715967642690,"message_id":388,"stderr":true,"stdout":"\u001b[1;38;5;39mCOMET INFO:\u001b[0m     local_rank          : -1\n"},"type":"ws_msg"}
{"payload":{"local_timestamp":1715967642690,"message_id":389,"stderr":true,"stdout":"\u001b[1;38;5;39mCOMET INFO:\u001b[0m     lr0                 : 0.01\n"},"type":"ws_msg"}
{"payload":{"local_timestamp":1715967642690,"message_id":390,"stderr":true,"stdout":"\u001b[1;38;5;39mCOMET INFO:\u001b[0m     lrf                 : 0.01\n"},"type":"ws_msg"}
{"payload":{"local_timestamp":1715967642690,"message_id":391,"stderr":true,"stdout":"\u001b[1;38;5;39mCOMET INFO:\u001b[0m     mixup               : 0.0\n"},"type":"ws_msg"}
{"payload":{"local_timestamp":1715967642690,"message_id":392,"stderr":true,"stdout":"\u001b[1;38;5;39mCOMET INFO:\u001b[0m     momentum            : 0.937\n"},"type":"ws_msg"}
{"payload":{"local_timestamp":1715967642690,"message_id":393,"stderr":true,"stdout":"\u001b[1;38;5;39mCOMET INFO:\u001b[0m     mosaic              : 1.0\n"},"type":"ws_msg"}
{"payload":{"local_timestamp":1715967642690,"message_id":394,"stderr":true,"stdout":"\u001b[1;38;5;39mCOMET INFO:\u001b[0m     multi_scale         : False\n"},"type":"ws_msg"}
{"payload":{"local_timestamp":1715967642690,"message_id":395,"stderr":true,"stdout":"\u001b[1;38;5;39mCOMET INFO:\u001b[0m     ndjson_console      : False\n"},"type":"ws_msg"}
{"payload":{"local_timestamp":1715967642690,"message_id":396,"stderr":true,"stdout":"\u001b[1;38;5;39mCOMET INFO:\u001b[0m     ndjson_file         : False\n"},"type":"ws_msg"}
{"payload":{"local_timestamp":1715967642690,"message_id":397,"stderr":true,"stdout":"\u001b[1;38;5;39mCOMET INFO:\u001b[0m     noautoanchor        : False\n"},"type":"ws_msg"}
{"payload":{"local_timestamp":1715967642690,"message_id":398,"stderr":true,"stdout":"\u001b[1;38;5;39mCOMET INFO:\u001b[0m     noplots             : False\n"},"type":"ws_msg"}
{"payload":{"local_timestamp":1715967642691,"message_id":399,"stderr":true,"stdout":"\u001b[1;38;5;39mCOMET INFO:\u001b[0m     nosave              : False\n"},"type":"ws_msg"}
{"payload":{"local_timestamp":1715967642691,"message_id":400,"stderr":true,"stdout":"\u001b[1;38;5;39mCOMET INFO:\u001b[0m     noval               : False\n"},"type":"ws_msg"}
{"payload":{"local_timestamp":1715967642691,"message_id":401,"stderr":true,"stdout":"\u001b[1;38;5;39mCOMET INFO:\u001b[0m     obj                 : 1.0\n"},"type":"ws_msg"}
{"payload":{"local_timestamp":1715967642691,"message_id":402,"stderr":true,"stdout":"\u001b[1;38;5;39mCOMET INFO:\u001b[0m     obj_pw              : 1.0\n"},"type":"ws_msg"}
{"payload":{"local_timestamp":1715967642691,"message_id":403,"stderr":true,"stdout":"\u001b[1;38;5;39mCOMET INFO:\u001b[0m     optimizer           : SGD\n"},"type":"ws_msg"}
{"payload":{"local_timestamp":1715967642691,"message_id":404,"stderr":true,"stdout":"\u001b[1;38;5;39mCOMET INFO:\u001b[0m     patience            : 100\n"},"type":"ws_msg"}
{"payload":{"local_timestamp":1715967642691,"message_id":405,"stderr":true,"stdout":"\u001b[1;38;5;39mCOMET INFO:\u001b[0m     perspective         : 0.0\n"},"type":"ws_msg"}
{"payload":{"local_timestamp":1715967642691,"message_id":406,"stderr":true,"stdout":"\u001b[1;38;5;39mCOMET INFO:\u001b[0m     project             : runs\\train\n"},"type":"ws_msg"}
{"payload":{"local_timestamp":1715967642691,"message_id":407,"stderr":true,"stdout":"\u001b[1;38;5;39mCOMET INFO:\u001b[0m     quad                : False\n"},"type":"ws_msg"}
{"payload":{"local_timestamp":1715967642691,"message_id":408,"stderr":true,"stdout":"\u001b[1;38;5;39mCOMET INFO:\u001b[0m     rect                : False\n"},"type":"ws_msg"}
{"payload":{"local_timestamp":1715967642691,"message_id":409,"stderr":true,"stdout":"\u001b[1;38;5;39mCOMET INFO:\u001b[0m     resume              : False\n"},"type":"ws_msg"}
{"payload":{"local_timestamp":1715967642692,"message_id":410,"stderr":true,"stdout":"\u001b[1;38;5;39mCOMET INFO:\u001b[0m     resume_evolve       : None\n"},"type":"ws_msg"}
{"payload":{"local_timestamp":1715967642692,"message_id":411,"stderr":true,"stdout":"\u001b[1;38;5;39mCOMET INFO:\u001b[0m     save_dir            : runs\\train\\Test3\n"},"type":"ws_msg"}
{"payload":{"local_timestamp":1715967642692,"message_id":412,"stderr":true,"stdout":"\u001b[1;38;5;39mCOMET INFO:\u001b[0m     save_period         : -1\n"},"type":"ws_msg"}
{"payload":{"local_timestamp":1715967642692,"message_id":413,"stderr":true,"stdout":"\u001b[1;38;5;39mCOMET INFO:\u001b[0m     scale               : 0.5\n"},"type":"ws_msg"}
{"payload":{"local_timestamp":1715967642692,"message_id":414,"stderr":true,"stdout":"\u001b[1;38;5;39mCOMET INFO:\u001b[0m     seed                : 0\n"},"type":"ws_msg"}
{"payload":{"local_timestamp":1715967642692,"message_id":415,"stderr":true,"stdout":"\u001b[1;38;5;39mCOMET INFO:\u001b[0m     shear               : 0.0\n"},"type":"ws_msg"}
{"payload":{"local_timestamp":1715967642693,"message_id":416,"stderr":true,"stdout":"\u001b[1;38;5;39mCOMET INFO:\u001b[0m     single_cls          : False\n"},"type":"ws_msg"}
{"payload":{"local_timestamp":1715967642693,"message_id":417,"stderr":true,"stdout":"\u001b[1;38;5;39mCOMET INFO:\u001b[0m     sync_bn             : False\n"},"type":"ws_msg"}
{"payload":{"local_timestamp":1715967642693,"message_id":418,"stderr":true,"stdout":"\u001b[1;38;5;39mCOMET INFO:\u001b[0m     translate           : 0.1\n"},"type":"ws_msg"}
{"payload":{"local_timestamp":1715967642693,"message_id":419,"stderr":true,"stdout":"\u001b[1;38;5;39mCOMET INFO:\u001b[0m     upload_dataset      : False\n"},"type":"ws_msg"}
{"payload":{"local_timestamp":1715967642693,"message_id":420,"stderr":true,"stdout":"\u001b[1;38;5;39mCOMET INFO:\u001b[0m     val_conf_threshold  : 0.001\n"},"type":"ws_msg"}
{"payload":{"local_timestamp":1715967642693,"message_id":421,"stderr":true,"stdout":"\u001b[1;38;5;39mCOMET INFO:\u001b[0m     val_iou_threshold   : 0.6\n"},"type":"ws_msg"}
{"payload":{"local_timestamp":1715967642694,"message_id":422,"stderr":true,"stdout":"\u001b[1;38;5;39mCOMET INFO:\u001b[0m     warmup_bias_lr      : 0.1\n"},"type":"ws_msg"}
{"payload":{"local_timestamp":1715967642694,"message_id":423,"stderr":true,"stdout":"\u001b[1;38;5;39mCOMET INFO:\u001b[0m     warmup_epochs       : 3.0\n"},"type":"ws_msg"}
{"payload":{"local_timestamp":1715967642694,"message_id":424,"stderr":true,"stdout":"\u001b[1;38;5;39mCOMET INFO:\u001b[0m     warmup_momentum     : 0.8\n"},"type":"ws_msg"}
{"payload":{"local_timestamp":1715967642694,"message_id":425,"stderr":true,"stdout":"\u001b[1;38;5;39mCOMET INFO:\u001b[0m     weight_decay        : 0.0005\n"},"type":"ws_msg"}
{"payload":{"local_timestamp":1715967642694,"message_id":426,"stderr":true,"stdout":"\u001b[1;38;5;39mCOMET INFO:\u001b[0m     workers             : 8\n"},"type":"ws_msg"}
{"payload":{"local_timestamp":1715967642694,"message_id":427,"stderr":true,"stdout":"\u001b[1;38;5;39mCOMET INFO:\u001b[0m   Uploads:\n"},"type":"ws_msg"}
{"payload":{"local_timestamp":1715967642694,"message_id":428,"stderr":true,"stdout":"\u001b[1;38;5;39mCOMET INFO:\u001b[0m     asset               : 5 (298.56 KB)\n"},"type":"ws_msg"}
{"payload":{"local_timestamp":1715967642695,"message_id":429,"stderr":true,"stdout":"\u001b[1;38;5;39mCOMET INFO:\u001b[0m     environment details : 1\n"},"type":"ws_msg"}
{"payload":{"local_timestamp":1715967642695,"message_id":430,"stderr":true,"stdout":"\u001b[1;38;5;39mCOMET INFO:\u001b[0m     installed packages  : 1\n"},"type":"ws_msg"}
{"payload":{"local_timestamp":1715967642695,"message_id":431,"stderr":true,"stdout":"\u001b[1;38;5;39mCOMET INFO:\u001b[0m     model graph         : 1\n"},"type":"ws_msg"}
{"payload":{"local_timestamp":1715967642695,"message_id":432,"stderr":true,"stdout":"\u001b[1;38;5;39mCOMET INFO:\u001b[0m \n"},"type":"ws_msg"}
