{"offline_id": "80106d4d54c9461a8ce02aafad10d53d", "project_name": "yolov5", "start_time": 1715967848293, "stop_time": 1715967971867, "tags": [], "workspace": null, "resume_strategy": "create", "customer_error_reported": true, "customer_error_message": "Unexpected error detected in the user script: NotImplementedError(\"Could not run 'torchvision::nms' with arguments from the 'CUDA' backend. This could be because the operator doesn't exist for this backend, or was omitted during the selective/custom build process (if using custom build). If you are a Facebook employee using PyTorch on mobile, please visit https://fburl.com/ptmfixes for possible resolutions. 'torchvision::nms' is only available for these backends: [CPU, Meta, QuantizedCPU, BackendSelect, Python, FuncTorchDynamicLayerBackMode, Functionalize, Named, Conjugate, Negative, ZeroTensor, ADInplaceOrView, AutogradOther, AutogradCPU, AutogradCUDA, AutogradXLA, AutogradMPS, AutogradXPU, AutogradHPU, AutogradLazy, AutogradMeta, Tracer, AutocastCPU, AutocastCUDA, FuncTorchBatched, BatchedNestedTensor, FuncTorchVmapMode, Batched, VmapMode, FuncTorchGradWrapper, PythonTLSSnapshot, FuncTorchDynamicLayerFrontMode, PreDispatch, PythonDispatcher].\\n\\nCPU: registered at C:\\\\actions-runner\\\\_work\\\\vision\\\\vision\\\\pytorch\\\\vision\\\\torchvision\\\\csrc\\\\ops\\\\cpu\\\\nms_kernel.cpp:112 [kernel]\\nMeta: registered at /dev/null:467 [kernel]\\nQuantizedCPU: registered at C:\\\\actions-runner\\\\_work\\\\vision\\\\vision\\\\pytorch\\\\vision\\\\torchvision\\\\csrc\\\\ops\\\\quantized\\\\cpu\\\\qnms_kernel.cpp:124 [kernel]\\nBackendSelect: fallthrough registered at C:\\\\actions-runner\\\\_work\\\\pytorch\\\\pytorch\\\\builder\\\\windows\\\\pytorch\\\\aten\\\\src\\\\ATen\\\\core\\\\BackendSelectFallbackKernel.cpp:3 [backend fallback]\\nPython: registered at C:\\\\actions-runner\\\\_work\\\\pytorch\\\\pytorch\\\\builder\\\\windows\\\\pytorch\\\\aten\\\\src\\\\ATen\\\\core\\\\PythonFallbackKernel.cpp:154 [backend fallback]\\nFuncTorchDynamicLayerBackMode: registered at C:\\\\actions-runner\\\\_work\\\\pytorch\\\\pytorch\\\\builder\\\\windows\\\\pytorch\\\\aten\\\\src\\\\ATen\\\\functorch\\\\DynamicLayer.cpp:497 [backend fallback]\\nFunctionalize: registered at C:\\\\actions-runner\\\\_work\\\\pytorch\\\\pytorch\\\\builder\\\\windows\\\\pytorch\\\\aten\\\\src\\\\ATen\\\\FunctionalizeFallbackKernel.cpp:324 [backend fallback]\\nNamed: registered at C:\\\\actions-runner\\\\_work\\\\pytorch\\\\pytorch\\\\builder\\\\windows\\\\pytorch\\\\aten\\\\src\\\\ATen\\\\core\\\\NamedRegistrations.cpp:7 [backend fallback]\\nConjugate: registered at C:\\\\actions-runner\\\\_work\\\\pytorch\\\\pytorch\\\\builder\\\\windows\\\\pytorch\\\\aten\\\\src\\\\ATen\\\\ConjugateFallback.cpp:17 [backend fallback]\\nNegative: registered at C:\\\\actions-runner\\\\_work\\\\pytorch\\\\pytorch\\\\builder\\\\windows\\\\pytorch\\\\aten\\\\src\\\\ATen\\\\native\\\\NegateFallback.cpp:18 [backend fallback]\\nZeroTensor: registered at C:\\\\actions-runner\\\\_work\\\\pytorch\\\\pytorch\\\\builder\\\\windows\\\\pytorch\\\\aten\\\\src\\\\ATen\\\\ZeroTensorFallback.cpp:86 [backend fallback]\\nADInplaceOrView: fallthrough registered at C:\\\\actions-runner\\\\_work\\\\pytorch\\\\pytorch\\\\builder\\\\windows\\\\pytorch\\\\aten\\\\src\\\\ATen\\\\core\\\\VariableFallbackKernel.cpp:86 [backend fallback]\\nAutogradOther: registered at C:\\\\actions-runner\\\\_work\\\\pytorch\\\\pytorch\\\\builder\\\\windows\\\\pytorch\\\\aten\\\\src\\\\ATen\\\\core\\\\VariableFallbackKernel.cpp:53 [backend fallback]\\nAutogradCPU: registered at C:\\\\actions-runner\\\\_work\\\\pytorch\\\\pytorch\\\\builder\\\\windows\\\\pytorch\\\\aten\\\\src\\\\ATen\\\\core\\\\VariableFallbackKernel.cpp:57 [backend fallback]\\nAutogradCUDA: registered at C:\\\\actions-runner\\\\_work\\\\pytorch\\\\pytorch\\\\builder\\\\windows\\\\pytorch\\\\aten\\\\src\\\\ATen\\\\core\\\\VariableFallbackKernel.cpp:65 [backend fallback]\\nAutogradXLA: registered at C:\\\\actions-runner\\\\_work\\\\pytorch\\\\pytorch\\\\builder\\\\windows\\\\pytorch\\\\aten\\\\src\\\\ATen\\\\core\\\\VariableFallbackKernel.cpp:69 [backend fallback]\\nAutogradMPS: registered at C:\\\\actions-runner\\\\_work\\\\pytorch\\\\pytorch\\\\builder\\\\windows\\\\pytorch\\\\aten\\\\src\\\\ATen\\\\core\\\\VariableFallbackKernel.cpp:77 [backend fallback]\\nAutogradXPU: registered at C:\\\\actions-runner\\\\_work\\\\pytorch\\\\pytorch\\\\builder\\\\windows\\\\pytorch\\\\aten\\\\src\\\\ATen\\\\core\\\\VariableFallbackKernel.cpp:61 [backend fallback]\\nAutogradHPU: registered at C:\\\\actions-runner\\\\_work\\\\pytorch\\\\pytorch\\\\builder\\\\windows\\\\pytorch\\\\aten\\\\src\\\\ATen\\\\core\\\\VariableFallbackKernel.cpp:90 [backend fallback]\\nAutogradLazy: registered at C:\\\\actions-runner\\\\_work\\\\pytorch\\\\pytorch\\\\builder\\\\windows\\\\pytorch\\\\aten\\\\src\\\\ATen\\\\core\\\\VariableFallbackKernel.cpp:73 [backend fallback]\\nAutogradMeta: registered at C:\\\\actions-runner\\\\_work\\\\pytorch\\\\pytorch\\\\builder\\\\windows\\\\pytorch\\\\aten\\\\src\\\\ATen\\\\core\\\\VariableFallbackKernel.cpp:81 [backend fallback]\\nTracer: registered at C:\\\\actions-runner\\\\_work\\\\pytorch\\\\pytorch\\\\builder\\\\windows\\\\pytorch\\\\torch\\\\csrc\\\\autograd\\\\TraceTypeManual.cpp:297 [backend fallback]\\nAutocastCPU: registered at C:\\\\actions-runner\\\\_work\\\\vision\\\\vision\\\\pytorch\\\\vision\\\\torchvision\\\\csrc\\\\ops\\\\autocast\\\\nms_kernel.cpp:34 [kernel]\\nAutocastCUDA: registered at C:\\\\actions-runner\\\\_work\\\\vision\\\\vision\\\\pytorch\\\\vision\\\\torchvision\\\\csrc\\\\ops\\\\autocast\\\\nms_kernel.cpp:27 [kernel]\\nFuncTorchBatched: registered at C:\\\\actions-runner\\\\_work\\\\pytorch\\\\pytorch\\\\builder\\\\windows\\\\pytorch\\\\aten\\\\src\\\\ATen\\\\functorch\\\\LegacyBatchingRegistrations.cpp:731 [backend fallback]\\nBatchedNestedTensor: registered at C:\\\\actions-runner\\\\_work\\\\pytorch\\\\pytorch\\\\builder\\\\windows\\\\pytorch\\\\aten\\\\src\\\\ATen\\\\functorch\\\\LegacyBatchingRegistrations.cpp:758 [backend fallback]\\nFuncTorchVmapMode: fallthrough registered at C:\\\\actions-runner\\\\_work\\\\pytorch\\\\pytorch\\\\builder\\\\windows\\\\pytorch\\\\aten\\\\src\\\\ATen\\\\functorch\\\\VmapModeRegistrations.cpp:27 [backend fallback]\\nBatched: registered at C:\\\\actions-runner\\\\_work\\\\pytorch\\\\pytorch\\\\builder\\\\windows\\\\pytorch\\\\aten\\\\src\\\\ATen\\\\LegacyBatchingRegistrations.cpp:1075 [backend fallback]\\nVmapMode: fallthrough registered at C:\\\\actions-runner\\\\_work\\\\pytorch\\\\pytorch\\\\builder\\\\windows\\\\pytorch\\\\aten\\\\src\\\\ATen\\\\VmapModeRegistrations.cpp:33 [backend fallback]\\nFuncTorchGradWrapper: registered at C:\\\\actions-runner\\\\_work\\\\pytorch\\\\pytorch\\\\builder\\\\windows\\\\pytorch\\\\aten\\\\src\\\\ATen\\\\functorch\\\\TensorWrapper.cpp:202 [backend fallback]\\nPythonTLSSnapshot: registered at C:\\\\actions-runner\\\\_work\\\\pytorch\\\\pytorch\\\\builder\\\\windows\\\\pytorch\\\\aten\\\\src\\\\ATen\\\\core\\\\PythonFallbackKernel.cpp:162 [backend fallback]\\nFuncTorchDynamicLayerFrontMode: registered at C:\\\\actions-runner\\\\_work\\\\pytorch\\\\pytorch\\\\builder\\\\windows\\\\pytorch\\\\aten\\\\src\\\\ATen\\\\functorch\\\\DynamicLayer.cpp:493 [backend fallback]\\nPreDispatch: registered at C:\\\\actions-runner\\\\_work\\\\pytorch\\\\pytorch\\\\builder\\\\windows\\\\pytorch\\\\aten\\\\src\\\\ATen\\\\core\\\\PythonFallbackKernel.cpp:166 [backend fallback]\\nPythonDispatcher: registered at C:\\\\actions-runner\\\\_work\\\\pytorch\\\\pytorch\\\\builder\\\\windows\\\\pytorch\\\\aten\\\\src\\\\ATen\\\\core\\\\PythonFallbackKernel.cpp:158 [backend fallback]\\n\")", "user_provided_experiment_key": false, "comet_start_sourced": false}