{"payload":{"installed_packages":["absl-py==2.0.0","astunparse==1.6.3","attrs==23.2.0","blinker==1.7.0","cachetools==5.3.2","certifi==2023.7.22","chardet==4.0.0","charset-normalizer==3.3.2","click==8.1.7","colorama==0.4.6","coloredlogs==15.0.1","comet-ml==3.42.0","configobj==5.0.8","contourpy==1.1.1","cycler==0.10.0","distance==0.1.3","dlib==19.24.2","dulwich==0.22.1","everett==3.1.0","filelock==3.14.0","flask==3.0.2","flatbuffers==23.5.26","fonttools==4.45.1","fsspec==2024.3.1","gast==0.4.0","gitdb==4.0.11","gitpython==3.1.43","google-auth==2.23.4","google-auth-oauthlib==1.0.0","google-pasta==0.2.0","grpcio==1.59.3","h5py==3.10.0","humanfriendly==10.0","idna==2.10","importlib-metadata==6.8.0","importlib-resources==6.1.1","imutils==0.5.4","intel-openmp==2021.4.0","itsdangerous==2.1.2","jinja2==3.1.3","jsonschema==4.22.0","jsonschema-specifications==2023.12.1","kiwisolver==1.4.5","libclang==16.0.6","markdown==3.5.1","markdown-it-py==3.0.0","markupsafe==2.1.3","matplotlib==3.7.4","mdurl==0.1.2","mkl==2021.4.0","mpmath==1.3.0","networkx==3.1","numpy==1.24.3","oauthlib==3.2.2","onnx==1.16.0","onnx2torch==1.5.14","onnxruntime==1.17.3","opencv-python==4.9.0.80","opt-einsum==3.3.0","packaging==23.2","pafy==0.5.5","pandas==2.0.3","pillow==10.3.0","pip==24.0","pkgutil-resolve-name==1.3.10","protobuf==4.25.1","psutil==5.9.8","py-cpuinfo==9.0.0","pyasn1==0.5.1","pyasn1-modules==0.3.0","pygame==2.5.2","pygame-menu==4.4.3","pygments==2.18.0","pyparsing==3.1.1","pyperclip==1.8.2","pyreadline3==3.4.1","python-box==6.1.0","python-dateutil==2.8.2","python-dotenv==1.0.1","python-magic==0.4.27","pytz==2024.1","pyyaml==6.0.1","referencing==0.35.1","requests==2.31.0","requests-oauthlib==1.3.1","requests-toolbelt==1.0.0","rich==13.7.1","roboflow==1.1.29","rpds-py==0.18.1","rsa==4.9","scipy==1.10.1","seaborn==0.13.2","semantic-version==2.10.0","sentry-sdk==2.2.0","setuptools==69.0.2","simplejson==3.19.2","six==1.16.0","smmap==5.0.1","sympy==1.12","tbb==2021.12.0","termcolor==2.3.0","thop==0.1.1.post2209072238","torch==2.3.0+cu121","torchaudio==2.3.0+cu121","torchvision==0.18.0+cu121","tqdm==4.66.4","typing-extensions==4.11.0","tzdata==2024.1","ultralytics==8.2.15","urllib3==2.1.0","websocket-client==1.8.0","werkzeug==3.0.1","wheel==0.41.3","wrapt==1.16.0","wurlitzer==3.1.0","youtube-dl==2020.12.2","zipp==3.17.0"],"local_timestamp":1715974060198,"message_id":1},"type":"ws_msg"}
{"payload":{"env_details":{"command":["train.py","--img","640","--batch","2","--epochs","50","--data","data/Pills/data.yaml","--cfg","./models/yolov5s.yaml","--weights","yolov5s.pt","--name","TTT1"],"env":null,"hostname":"DESKTOP-IEQI6OG","ip":"14.54.179.96","machine":"AMD64","os":"Windows-10-10.0.19045-SP0","os_release":"10","os_type":"Windows","pid":16616,"processor":"Intel64 Family 6 Model 151 Stepping 5, GenuineIntel","python_exe":"C:\\Users\\TaeSan\\AppData\\Local\\Programs\\Python\\Python38\\python.exe","python_version":"3.8.10","python_version_verbose":"3.8.10 (tags/v3.8.10:3d8993a, May  3 2021, 11:48:03) [MSC v.1928 64 bit (AMD64)]","user":"TaeSan"},"local_timestamp":1715974060217,"message_id":2},"type":"ws_msg"}
{"payload":{"gpu_static_info":[{"gpu_index":0,"name":"NVIDIA GeForce RTX 2070","power_limit":175000,"total_memory":8589934592,"uuid":"GPU-46587e4f-6f4e-41b1-7d68-156773d30bab"}],"local_timestamp":1715974060243,"message_id":3},"type":"ws_msg"}
{"payload":{"local_timestamp":1715974060243,"message_id":4,"metric":{"epoch":null,"metricName":"sys.gpu.0.total_memory","metricValue":8589934592,"step":null}},"type":"metric_msg"}
{"payload":{"local_timestamp":1715974060244,"message_id":5,"param":{"paramName":"img","paramValue":640,"source":"cli","step":null}},"type":"parameter_msg"}
{"payload":{"local_timestamp":1715974060244,"message_id":6,"param":{"paramName":"batch","paramValue":2,"source":"cli","step":null}},"type":"parameter_msg"}
{"payload":{"local_timestamp":1715974060244,"message_id":7,"param":{"paramName":"epochs","paramValue":50,"source":"cli","step":null}},"type":"parameter_msg"}
{"payload":{"local_timestamp":1715974060244,"message_id":8,"param":{"paramName":"data","paramValue":"data/Pills/data.yaml","source":"cli","step":null}},"type":"parameter_msg"}
{"payload":{"local_timestamp":1715974060244,"message_id":9,"param":{"paramName":"cfg","paramValue":"./models/yolov5s.yaml","source":"cli","step":null}},"type":"parameter_msg"}
{"payload":{"local_timestamp":1715974060244,"message_id":10,"param":{"paramName":"weights","paramValue":"yolov5s.pt","source":"cli","step":null}},"type":"parameter_msg"}
{"payload":{"local_timestamp":1715974060244,"message_id":11,"param":{"paramName":"name","paramValue":"TTT1","source":"cli","step":null}},"type":"parameter_msg"}
{"payload":{"local_timestamp":1715974060244,"log_other":{"key":"offline_experiment","val":true},"message_id":12},"type":"ws_msg"}
{"payload":{"local_timestamp":1715974060244,"log_other":{"key":"Name","val":"TTT1"},"message_id":13},"type":"ws_msg"}
{"payload":{"additional_params":{"assetId":"f91bec5c706943c1b16245f62586d8fd","context":null,"extension":"yaml","fileName":"data.yaml","overwrite":false,"runId":null,"step":null},"clean":true,"file_path":"tmp_c1hl_n1","local_timestamp":1715974060246,"message_id":14,"metadata":{"type":"data-config-file"},"upload_type":"asset"},"type":"file_upload"}
{"payload":{"local_timestamp":1715974060249,"message_id":15,"metric":{"epoch":null,"metricName":"sys.gpu.0.gpu_utilization","metricValue":0,"step":null}},"type":"metric_msg"}
{"payload":{"local_timestamp":1715974060249,"message_id":16,"metric":{"epoch":null,"metricName":"sys.gpu.0.power_usage","metricValue":39235,"step":null}},"type":"metric_msg"}
{"payload":{"local_timestamp":1715974060249,"message_id":17,"metric":{"epoch":null,"metricName":"sys.gpu.0.temperature","metricValue":38,"step":null}},"type":"metric_msg"}
{"payload":{"local_timestamp":1715974060249,"message_id":18,"metric":{"epoch":null,"metricName":"sys.gpu.0.memory_utilization","metricValue":0,"step":null}},"type":"metric_msg"}
{"payload":{"local_timestamp":1715974060249,"message_id":19,"metric":{"epoch":null,"metricName":"sys.gpu.0.free_memory","metricValue":7878918144,"step":null}},"type":"metric_msg"}
{"payload":{"local_timestamp":1715974060249,"message_id":20,"metric":{"epoch":null,"metricName":"sys.gpu.0.used_memory","metricValue":711016448,"step":null}},"type":"metric_msg"}
{"payload":{"local_timestamp":1715974060249,"message_id":21,"metric":{"epoch":null,"metricName":"sys.gpu.0.percent.used_memory","metricValue":8.277320861816406,"step":null}},"type":"metric_msg"}
{"payload":{"local_timestamp":1715974060251,"message_id":22,"stderr":true,"stdout":"\nDataset not found , missing paths ['C:\\\\Users\\\\TaeSan\\\\Desktop\\\\H_C\\\\Perfect\\\\yolov5_master\\\\valid\\\\images']\n"},"type":"ws_msg"}
{"payload":{"local_timestamp":1715974060251,"message_id":23,"stderr":true,"stdout":"Traceback (most recent call last):\n"},"type":"ws_msg"}
{"payload":{"local_timestamp":1715974060251,"message_id":24,"stderr":true,"stdout":"  File \"train.py\", line 848, in <module>\n"},"type":"ws_msg"}
{"payload":{"local_timestamp":1715974060251,"message_id":25,"stderr":true,"stdout":"    "},"type":"ws_msg"}
{"payload":{"local_timestamp":1715974060252,"message_id":26,"stderr":true,"stdout":"main(opt)"},"type":"ws_msg"}
{"payload":{"local_timestamp":1715974060252,"message_id":27,"stderr":true,"stdout":"\n"},"type":"ws_msg"}
{"payload":{"local_timestamp":1715974060252,"message_id":28,"stderr":true,"stdout":"  File \"train.py\", line 623, in main\n"},"type":"ws_msg"}
{"payload":{"local_timestamp":1715974060252,"message_id":29,"stderr":true,"stdout":"    "},"type":"ws_msg"}
{"payload":{"local_timestamp":1715974060252,"message_id":30,"stderr":true,"stdout":"train(opt.hyp, opt, device, callbacks)"},"type":"ws_msg"}
{"payload":{"local_timestamp":1715974060253,"message_id":31,"stderr":true,"stdout":"\n"},"type":"ws_msg"}
{"payload":{"local_timestamp":1715974060253,"message_id":32,"stderr":true,"stdout":"  File \"train.py\", line 153, in train\n"},"type":"ws_msg"}
{"payload":{"local_timestamp":1715974060253,"message_id":33,"stderr":true,"stdout":"    "},"type":"ws_msg"}
{"payload":{"local_timestamp":1715974060253,"message_id":34,"stderr":true,"stdout":"loggers = Loggers("},"type":"ws_msg"}
{"payload":{"local_timestamp":1715974060253,"message_id":35,"stderr":true,"stdout":"\n"},"type":"ws_msg"}
{"payload":{"local_timestamp":1715974060255,"message_id":36,"stderr":true,"stdout":"  File \"C:\\Users\\TaeSan\\Desktop\\H_C\\Perfect\\yolov5_master\\utils\\loggers\\__init__.py\", line 148, in __init__\n"},"type":"ws_msg"}
{"payload":{"local_timestamp":1715974060255,"message_id":37,"stderr":true,"stdout":"    "},"type":"ws_msg"}
{"payload":{"local_timestamp":1715974060255,"message_id":38,"stderr":true,"stdout":"self.comet_logger = CometLogger(self.opt, self.hyp)"},"type":"ws_msg"}
{"payload":{"local_timestamp":1715974060255,"message_id":39,"stderr":true,"stdout":"\n"},"type":"ws_msg"}
{"payload":{"local_timestamp":1715974060256,"message_id":40,"stderr":true,"stdout":"  File \"C:\\Users\\TaeSan\\Desktop\\H_C\\Perfect\\yolov5_master\\utils\\loggers\\comet\\__init__.py\", line 97, in __init__\n"},"type":"ws_msg"}
{"payload":{"local_timestamp":1715974060256,"message_id":41,"stderr":true,"stdout":"    "},"type":"ws_msg"}
{"payload":{"local_timestamp":1715974060256,"message_id":42,"stderr":true,"stdout":"self.data_dict = self.check_dataset(self.opt.data)"},"type":"ws_msg"}
{"payload":{"local_timestamp":1715974060256,"message_id":43,"stderr":true,"stdout":"\n"},"type":"ws_msg"}
{"payload":{"local_timestamp":1715974060256,"message_id":44,"stderr":true,"stdout":"  File \"C:\\Users\\TaeSan\\Desktop\\H_C\\Perfect\\yolov5_master\\utils\\loggers\\comet\\__init__.py\", line 255, in check_dataset\n"},"type":"ws_msg"}
{"payload":{"local_timestamp":1715974060257,"message_id":45,"stderr":true,"stdout":"    "},"type":"ws_msg"}
{"payload":{"local_timestamp":1715974060257,"message_id":46,"stderr":true,"stdout":"return check_dataset(data_file)"},"type":"ws_msg"}
{"payload":{"local_timestamp":1715974060257,"message_id":47,"stderr":true,"stdout":"\n"},"type":"ws_msg"}
{"payload":{"local_timestamp":1715974060257,"message_id":48,"stderr":true,"stdout":"  File \"C:\\Users\\TaeSan\\Desktop\\H_C\\Perfect\\yolov5_master\\utils\\general.py\", line 563, in check_dataset\n"},"type":"ws_msg"}
{"payload":{"local_timestamp":1715974060258,"message_id":49,"stderr":true,"stdout":"    "},"type":"ws_msg"}
{"payload":{"local_timestamp":1715974060258,"message_id":50,"stderr":true,"stdout":"raise Exception(\"Dataset not found \u274c\")"},"type":"ws_msg"}
{"payload":{"local_timestamp":1715974060258,"message_id":51,"stderr":true,"stdout":"\n"},"type":"ws_msg"}
{"payload":{"local_timestamp":1715974060258,"message_id":52,"stderr":true,"stdout":"Exception"},"type":"ws_msg"}
{"payload":{"local_timestamp":1715974060258,"message_id":53,"stderr":true,"stdout":": "},"type":"ws_msg"}
{"payload":{"local_timestamp":1715974060258,"message_id":54,"stderr":true,"stdout":"Dataset not found \u274c"},"type":"ws_msg"}
{"payload":{"local_timestamp":1715974060258,"message_id":55,"stderr":true,"stdout":"\n"},"type":"ws_msg"}
{"payload":{"local_timestamp":1715974060270,"message_id":56,"stderr":true,"stdout":"\u001b[1;38;5;39mCOMET INFO:\u001b[0m Couldn't find a Git repository in 'C:\\\\Users\\\\TaeSan\\\\Desktop\\\\H_C\\\\Perfect\\\\yolov5_master' nor in any parent directory. Set `COMET_GIT_DIRECTORY` if your Git Repository is elsewhere.\n"},"type":"ws_msg"}
{"payload":{"local_timestamp":1715974060271,"message_id":57,"stderr":true,"stdout":"\u001b[1;38;5;39mCOMET INFO:\u001b[0m ---------------------------------------------------------------------------------------\n"},"type":"ws_msg"}
{"payload":{"local_timestamp":1715974060271,"message_id":58,"stderr":true,"stdout":"\u001b[1;38;5;39mCOMET INFO:\u001b[0m Comet.ml OfflineExperiment Summary\n"},"type":"ws_msg"}
{"payload":{"local_timestamp":1715974060271,"message_id":59,"stderr":true,"stdout":"\u001b[1;38;5;39mCOMET INFO:\u001b[0m ---------------------------------------------------------------------------------------\n"},"type":"ws_msg"}
{"payload":{"local_timestamp":1715974060271,"message_id":60,"stderr":true,"stdout":"\u001b[1;38;5;39mCOMET INFO:\u001b[0m   Data:\n"},"type":"ws_msg"}
{"payload":{"local_timestamp":1715974060271,"message_id":61,"stderr":true,"stdout":"\u001b[1;38;5;39mCOMET INFO:\u001b[0m     display_summary_level : 1\n"},"type":"ws_msg"}
{"payload":{"local_timestamp":1715974060272,"message_id":62,"stderr":true,"stdout":"\u001b[1;38;5;39mCOMET INFO:\u001b[0m     name                  : TTT1\n"},"type":"ws_msg"}
{"payload":{"local_timestamp":1715974060272,"message_id":63,"stderr":true,"stdout":"\u001b[1;38;5;39mCOMET INFO:\u001b[0m     url                   : [OfflineExperiment will get URL after upload]\n"},"type":"ws_msg"}
{"payload":{"local_timestamp":1715974060272,"message_id":64,"stderr":true,"stdout":"\u001b[1;38;5;39mCOMET INFO:\u001b[0m   Others:\n"},"type":"ws_msg"}
{"payload":{"local_timestamp":1715974060272,"message_id":65,"stderr":true,"stdout":"\u001b[1;38;5;39mCOMET INFO:\u001b[0m     Name               : TTT1\n"},"type":"ws_msg"}
{"payload":{"local_timestamp":1715974060272,"message_id":66,"stderr":true,"stdout":"\u001b[1;38;5;39mCOMET INFO:\u001b[0m     offline_experiment : True\n"},"type":"ws_msg"}
{"payload":{"local_timestamp":1715974060273,"message_id":67,"stderr":true,"stdout":"\u001b[1;38;5;39mCOMET INFO:\u001b[0m   Uploads:\n"},"type":"ws_msg"}
{"payload":{"local_timestamp":1715974060273,"message_id":68,"stderr":true,"stdout":"\u001b[1;38;5;39mCOMET INFO:\u001b[0m     asset               : 1 (260 bytes)\n"},"type":"ws_msg"}
{"payload":{"local_timestamp":1715974060273,"message_id":69,"stderr":true,"stdout":"\u001b[1;38;5;39mCOMET INFO:\u001b[0m     environment details : 1\n"},"type":"ws_msg"}
{"payload":{"local_timestamp":1715974060273,"message_id":70,"stderr":true,"stdout":"\u001b[1;38;5;39mCOMET INFO:\u001b[0m     installed packages  : 1\n"},"type":"ws_msg"}
{"payload":{"local_timestamp":1715974060273,"message_id":71,"stderr":true,"stdout":"\u001b[1;38;5;39mCOMET INFO:\u001b[0m \n"},"type":"ws_msg"}
{"payload":{"local_timestamp":1715974060471,"message_id":72,"metric":{"epoch":null,"metricName":"sys.cpu.percent.avg","metricValue":0.0,"step":null}},"type":"metric_msg"}
{"payload":{"local_timestamp":1715974060471,"message_id":73,"metric":{"epoch":null,"metricName":"sys.ram.total","metricValue":17032929280,"step":null}},"type":"metric_msg"}
{"payload":{"local_timestamp":1715974060471,"message_id":74,"metric":{"epoch":null,"metricName":"sys.ram.used","metricValue":8329023488,"step":null}},"type":"metric_msg"}
{"payload":{"local_timestamp":1715974060471,"message_id":75,"metric":{"epoch":null,"metricName":"sys.ram.available","metricValue":8703905792,"step":null}},"type":"metric_msg"}
{"payload":{"local_timestamp":1715974060471,"message_id":76,"metric":{"epoch":null,"metricName":"sys.ram.percent.used","metricValue":48.9,"step":null}},"type":"metric_msg"}
{"payload":{"local_timestamp":1715974060471,"message_id":77,"metric":{"epoch":null,"metricName":"sys.load.avg","metricValue":0.0,"step":null}},"type":"metric_msg"}
