{"offline_id": "563d8b1bbbf4499cbdf1baffa66dfc82", "project_name": "yolov5", "start_time": 1716112535969, "stop_time": 1716112537554, "tags": [], "workspace": null, "resume_strategy": "create", "customer_error_reported": true, "customer_error_message": "Unexpected error detected in the user script: UnicodeDecodeError('cp949', b\"train: C:\\\\TTTTTTTT\\\\yolov5_master\\\\yolov5_master\\\\data\\\\Pills\\\\train\\\\images\\nval: C:\\\\TTTTTTTT\\\\yolov5_master\\\\yolov5_master\\\\data\\\\Pills\\\\valid\\\\images\\nnc: 1\\nnames: ['\\xec\\x95\\xbd']\\n\\nroboflow:\\n  workspace: test-xobwm\\n  project: test_pills-i2hvq\\n  version: 2\\n  license: CC BY 4.0\\n  url: https://universe.roboflow.com/test-xobwm/test_pills-i2hvq/dataset/2!\", 155, 156, 'illegal multibyte sequence')", "user_provided_experiment_key": false, "comet_start_sourced": false}