{"payload":{"installed_packages":["attrs==23.2.0","certifi==2024.2.2","charset-normalizer==3.3.2","colorama==0.4.6","comet-ml==3.42.0","configobj==5.0.8","contourpy==1.1.1","cycler==0.12.1","dulwich==0.22.1","et-xmlfile==1.1.0","everett==3.1.0","filelock==3.13.4","fonttools==4.51.0","fsspec==2024.3.1","gitdb==4.0.11","gitpython==3.1.43","idna==3.7","importlib-resources==6.4.0","jinja2==3.1.4","jsonschema==4.22.0","jsonschema-specifications==2023.12.1","kiwisolver==1.4.5","markdown-it-py==3.0.0","markupsafe==2.1.5","matplotlib==3.7.5","mdurl==0.1.2","mpmath==1.3.0","networkx==3.1","numpy==1.24.4","opencv-python==4.9.0.80","opencv-python-headless==4.9.0.80","openpyxl==3.1.2","packaging==24.0","pandas==2.0.3","pillow==10.3.0","pip==21.1.1","pkgutil-resolve-name==1.3.10","psutil==5.9.8","py-cpuinfo==9.0.0","pygments==2.18.0","pyparsing==3.1.2","python-box==6.1.0","python-dateutil==2.9.0.post0","pytz==2024.1","pyyaml==6.0.1","referencing==0.35.1","requests==2.31.0","requests-toolbelt==1.0.0","rich==13.7.1","rpds-py==0.18.1","scipy==1.10.1","seaborn==0.13.2","semantic-version==2.10.0","sentry-sdk==2.2.0","setuptools==69.5.1","simplejson==3.19.2","six==1.16.0","smmap==5.0.1","sympy==1.12","thop==0.1.1.post2209072238","torch==2.2.2","torchvision==0.17.2","tqdm==4.66.2","typing-extensions==4.11.0","tzdata==2024.1","ultralytics==8.1.47","urllib3==2.2.1","websocket-client==1.8.0","wheel==0.43.0","wrapt==1.16.0","wurlitzer==3.1.0","zipp==3.18.2"],"local_timestamp":1716111836477,"message_id":1},"type":"ws_msg"}
{"payload":{"env_details":{"command":["train.py","--img","640","--batch","2","--epochs","10","--data","data/Pills/data.yaml","--cfg","./models/yolov5s.yaml","--weights","yolov5s.pt","--name","TTTTT"],"env":null,"hostname":"DESKTOP-N4CLLA7","ip":"192.168.21.142","machine":"AMD64","os":"Windows-10-10.0.22631-SP0","os_release":"10","os_type":"Windows","pid":24524,"processor":"Intel64 Family 6 Model 154 Stepping 4, GenuineIntel","python_exe":"C:\\Users\\Owner\\AppData\\Local\\Programs\\Python\\Python38\\python.exe","python_version":"3.8.10","python_version_verbose":"3.8.10 (tags/v3.8.10:3d8993a, May  3 2021, 11:48:03) [MSC v.1928 64 bit (AMD64)]","user":"Owner"},"local_timestamp":1716111839153,"message_id":2},"type":"ws_msg"}
{"payload":{"local_timestamp":1716111839392,"message_id":3,"param":{"paramName":"img","paramValue":640,"source":"cli","step":null}},"type":"parameter_msg"}
{"payload":{"local_timestamp":1716111839392,"message_id":4,"param":{"paramName":"batch","paramValue":2,"source":"cli","step":null}},"type":"parameter_msg"}
{"payload":{"local_timestamp":1716111839392,"message_id":5,"param":{"paramName":"epochs","paramValue":10,"source":"cli","step":null}},"type":"parameter_msg"}
{"payload":{"local_timestamp":1716111839392,"message_id":6,"param":{"paramName":"data","paramValue":"data/Pills/data.yaml","source":"cli","step":null}},"type":"parameter_msg"}
{"payload":{"local_timestamp":1716111839392,"message_id":7,"param":{"paramName":"cfg","paramValue":"./models/yolov5s.yaml","source":"cli","step":null}},"type":"parameter_msg"}
{"payload":{"local_timestamp":1716111839392,"message_id":8,"param":{"paramName":"weights","paramValue":"yolov5s.pt","source":"cli","step":null}},"type":"parameter_msg"}
{"payload":{"local_timestamp":1716111839392,"message_id":9,"param":{"paramName":"name","paramValue":"TTTTT","source":"cli","step":null}},"type":"parameter_msg"}
{"payload":{"local_timestamp":1716111839392,"message_id":10,"metric":{"epoch":null,"metricName":"sys.cpu.percent.avg","metricValue":0.0,"step":null}},"type":"metric_msg"}
{"payload":{"local_timestamp":1716111839392,"message_id":11,"metric":{"epoch":null,"metricName":"sys.ram.total","metricValue":8276996096,"step":null}},"type":"metric_msg"}
{"payload":{"local_timestamp":1716111839392,"message_id":12,"metric":{"epoch":null,"metricName":"sys.ram.used","metricValue":7032369152,"step":null}},"type":"metric_msg"}
{"payload":{"local_timestamp":1716111839392,"message_id":13,"metric":{"epoch":null,"metricName":"sys.ram.available","metricValue":1244626944,"step":null}},"type":"metric_msg"}
{"payload":{"local_timestamp":1716111839392,"message_id":14,"metric":{"epoch":null,"metricName":"sys.ram.percent.used","metricValue":85.0,"step":null}},"type":"metric_msg"}
{"payload":{"local_timestamp":1716111839392,"message_id":15,"metric":{"epoch":null,"metricName":"sys.load.avg","metricValue":0.0,"step":null}},"type":"metric_msg"}
{"payload":{"local_timestamp":1716111839392,"log_other":{"key":"offline_experiment","val":true},"message_id":16},"type":"ws_msg"}
{"payload":{"local_timestamp":1716111839392,"log_other":{"key":"Name","val":"TTTTT"},"message_id":17},"type":"ws_msg"}
{"payload":{"local_timestamp":1716111839392,"message_id":18,"stderr":true,"stdout":"Traceback (most recent call last):\n"},"type":"ws_msg"}
{"payload":{"local_timestamp":1716111839392,"message_id":19,"stderr":true,"stdout":"  File \"train.py\", line 848, in <module>\n"},"type":"ws_msg"}
{"payload":{"local_timestamp":1716111839392,"message_id":20,"stderr":true,"stdout":"    "},"type":"ws_msg"}
{"payload":{"local_timestamp":1716111839392,"message_id":21,"stderr":true,"stdout":"main(opt)"},"type":"ws_msg"}
{"payload":{"local_timestamp":1716111839392,"message_id":22,"stderr":true,"stdout":"\n"},"type":"ws_msg"}
{"payload":{"local_timestamp":1716111839392,"message_id":23,"stderr":true,"stdout":"  File \"train.py\", line 623, in main\n"},"type":"ws_msg"}
{"payload":{"local_timestamp":1716111839392,"message_id":24,"stderr":true,"stdout":"    "},"type":"ws_msg"}
{"payload":{"local_timestamp":1716111839392,"message_id":25,"stderr":true,"stdout":"train(opt.hyp, opt, device, callbacks)"},"type":"ws_msg"}
{"payload":{"local_timestamp":1716111839392,"message_id":26,"stderr":true,"stdout":"\n"},"type":"ws_msg"}
{"payload":{"local_timestamp":1716111839392,"message_id":27,"stderr":true,"stdout":"  File \"train.py\", line 153, in train\n"},"type":"ws_msg"}
{"payload":{"local_timestamp":1716111839392,"message_id":28,"stderr":true,"stdout":"    "},"type":"ws_msg"}
{"payload":{"local_timestamp":1716111839392,"message_id":29,"stderr":true,"stdout":"loggers = Loggers("},"type":"ws_msg"}
{"payload":{"local_timestamp":1716111839392,"message_id":30,"stderr":true,"stdout":"\n"},"type":"ws_msg"}
{"payload":{"local_timestamp":1716111839392,"message_id":31,"stderr":true,"stdout":"  File \"C:\\TTTTTTTT\\yolov5_master\\yolov5_master\\utils\\loggers\\__init__.py\", line 148, in __init__\n"},"type":"ws_msg"}
{"payload":{"local_timestamp":1716111839392,"message_id":32,"stderr":true,"stdout":"    "},"type":"ws_msg"}
{"payload":{"local_timestamp":1716111839392,"message_id":33,"stderr":true,"stdout":"self.comet_logger = CometLogger(self.opt, self.hyp)"},"type":"ws_msg"}
{"payload":{"local_timestamp":1716111839392,"message_id":34,"stderr":true,"stdout":"\n"},"type":"ws_msg"}
{"payload":{"local_timestamp":1716111839392,"message_id":35,"stderr":true,"stdout":"  File \"C:\\TTTTTTTT\\yolov5_master\\yolov5_master\\utils\\loggers\\comet\\__init__.py\", line 97, in __init__\n"},"type":"ws_msg"}
{"payload":{"local_timestamp":1716111839392,"message_id":36,"stderr":true,"stdout":"    "},"type":"ws_msg"}
{"payload":{"local_timestamp":1716111839392,"message_id":37,"stderr":true,"stdout":"self.data_dict = self.check_dataset(self.opt.data)"},"type":"ws_msg"}
{"payload":{"local_timestamp":1716111839392,"message_id":38,"stderr":true,"stdout":"\n"},"type":"ws_msg"}
{"payload":{"local_timestamp":1716111839392,"message_id":39,"stderr":true,"stdout":"  File \"C:\\TTTTTTTT\\yolov5_master\\yolov5_master\\utils\\loggers\\comet\\__init__.py\", line 247, in check_dataset\n"},"type":"ws_msg"}
{"payload":{"local_timestamp":1716111839407,"message_id":40,"stderr":true,"stdout":"    "},"type":"ws_msg"}
{"payload":{"local_timestamp":1716111839407,"message_id":41,"stderr":true,"stdout":"data_config = yaml.safe_load(f)"},"type":"ws_msg"}
{"payload":{"local_timestamp":1716111839407,"message_id":42,"stderr":true,"stdout":"\n"},"type":"ws_msg"}
{"payload":{"local_timestamp":1716111839410,"message_id":43,"stderr":true,"stdout":"  File \"C:\\Users\\Owner\\AppData\\Local\\Programs\\Python\\Python38\\lib\\site-packages\\yaml\\__init__.py\", line 125, in safe_load\n"},"type":"ws_msg"}
{"payload":{"local_timestamp":1716111839413,"message_id":44,"stderr":true,"stdout":"    "},"type":"ws_msg"}
{"payload":{"local_timestamp":1716111839413,"message_id":45,"stderr":true,"stdout":"return load(stream, SafeLoader)"},"type":"ws_msg"}
{"payload":{"local_timestamp":1716111839414,"message_id":46,"stderr":true,"stdout":"\n"},"type":"ws_msg"}
{"payload":{"local_timestamp":1716111839414,"message_id":47,"stderr":true,"stdout":"  File \"C:\\Users\\Owner\\AppData\\Local\\Programs\\Python\\Python38\\lib\\site-packages\\yaml\\__init__.py\", line 79, in load\n"},"type":"ws_msg"}
{"payload":{"local_timestamp":1716111839414,"message_id":48,"stderr":true,"stdout":"    "},"type":"ws_msg"}
{"payload":{"local_timestamp":1716111839416,"message_id":49,"stderr":true,"stdout":"loader = Loader(stream)"},"type":"ws_msg"}
{"payload":{"local_timestamp":1716111839416,"message_id":50,"stderr":true,"stdout":"\n"},"type":"ws_msg"}
{"payload":{"local_timestamp":1716111839416,"message_id":51,"stderr":true,"stdout":"  File \"C:\\Users\\Owner\\AppData\\Local\\Programs\\Python\\Python38\\lib\\site-packages\\yaml\\loader.py\", line 34, in __init__\n"},"type":"ws_msg"}
{"payload":{"local_timestamp":1716111839416,"message_id":52,"stderr":true,"stdout":"    "},"type":"ws_msg"}
{"payload":{"local_timestamp":1716111839416,"message_id":53,"stderr":true,"stdout":"Reader.__init__(self, stream)"},"type":"ws_msg"}
{"payload":{"local_timestamp":1716111839416,"message_id":54,"stderr":true,"stdout":"\n"},"type":"ws_msg"}
{"payload":{"local_timestamp":1716111839416,"message_id":55,"stderr":true,"stdout":"  File \"C:\\Users\\Owner\\AppData\\Local\\Programs\\Python\\Python38\\lib\\site-packages\\yaml\\reader.py\", line 85, in __init__\n"},"type":"ws_msg"}
{"payload":{"local_timestamp":1716111839416,"message_id":56,"stderr":true,"stdout":"    "},"type":"ws_msg"}
{"payload":{"local_timestamp":1716111839416,"message_id":57,"stderr":true,"stdout":"self.determine_encoding()"},"type":"ws_msg"}
{"payload":{"local_timestamp":1716111839423,"message_id":58,"stderr":true,"stdout":"\n"},"type":"ws_msg"}
{"payload":{"local_timestamp":1716111839423,"message_id":59,"stderr":true,"stdout":"  File \"C:\\Users\\Owner\\AppData\\Local\\Programs\\Python\\Python38\\lib\\site-packages\\yaml\\reader.py\", line 124, in determine_encoding\n"},"type":"ws_msg"}
{"payload":{"local_timestamp":1716111839423,"message_id":60,"stderr":true,"stdout":"    "},"type":"ws_msg"}
{"payload":{"local_timestamp":1716111839423,"message_id":61,"stderr":true,"stdout":"self.update_raw()"},"type":"ws_msg"}
{"payload":{"local_timestamp":1716111839423,"message_id":62,"stderr":true,"stdout":"\n"},"type":"ws_msg"}
{"payload":{"local_timestamp":1716111839423,"message_id":63,"stderr":true,"stdout":"  File \"C:\\Users\\Owner\\AppData\\Local\\Programs\\Python\\Python38\\lib\\site-packages\\yaml\\reader.py\", line 178, in update_raw\n"},"type":"ws_msg"}
{"payload":{"local_timestamp":1716111839423,"message_id":64,"stderr":true,"stdout":"    "},"type":"ws_msg"}
{"payload":{"local_timestamp":1716111839423,"message_id":65,"stderr":true,"stdout":"data = self.stream.read(size)"},"type":"ws_msg"}
{"payload":{"local_timestamp":1716111839423,"message_id":66,"stderr":true,"stdout":"\n"},"type":"ws_msg"}
{"payload":{"local_timestamp":1716111839423,"message_id":67,"stderr":true,"stdout":"UnicodeDecodeError"},"type":"ws_msg"}
{"payload":{"local_timestamp":1716111839423,"message_id":68,"stderr":true,"stdout":": "},"type":"ws_msg"}
{"payload":{"local_timestamp":1716111839423,"message_id":69,"stderr":true,"stdout":"'cp949' codec can't decode byte 0xec in position 155: illegal multibyte sequence"},"type":"ws_msg"}
{"payload":{"local_timestamp":1716111839428,"message_id":70,"stderr":true,"stdout":"\n"},"type":"ws_msg"}
{"payload":{"local_timestamp":1716111839449,"message_id":71,"stderr":true,"stdout":"\u001b[1;38;5;39mCOMET INFO:\u001b[0m Couldn't find a Git repository in 'C:\\\\TTTTTTTT\\\\yolov5_master\\\\yolov5_master' nor in any parent directory. Set `COMET_GIT_DIRECTORY` if your Git Repository is elsewhere.\n"},"type":"ws_msg"}
{"payload":{"local_timestamp":1716111839450,"message_id":72,"stderr":true,"stdout":"\u001b[1;38;5;39mCOMET INFO:\u001b[0m ---------------------------------------------------------------------------------------\n"},"type":"ws_msg"}
{"payload":{"local_timestamp":1716111839450,"message_id":73,"stderr":true,"stdout":"\u001b[1;38;5;39mCOMET INFO:\u001b[0m Comet.ml OfflineExperiment Summary\n"},"type":"ws_msg"}
{"payload":{"local_timestamp":1716111839450,"message_id":74,"stderr":true,"stdout":"\u001b[1;38;5;39mCOMET INFO:\u001b[0m ---------------------------------------------------------------------------------------\n"},"type":"ws_msg"}
{"payload":{"local_timestamp":1716111839450,"message_id":75,"stderr":true,"stdout":"\u001b[1;38;5;39mCOMET INFO:\u001b[0m   Data:\n"},"type":"ws_msg"}
{"payload":{"local_timestamp":1716111839450,"message_id":76,"stderr":true,"stdout":"\u001b[1;38;5;39mCOMET INFO:\u001b[0m     display_summary_level : 1\n"},"type":"ws_msg"}
{"payload":{"local_timestamp":1716111839450,"message_id":77,"stderr":true,"stdout":"\u001b[1;38;5;39mCOMET INFO:\u001b[0m     name                  : TTTTT\n"},"type":"ws_msg"}
{"payload":{"local_timestamp":1716111839450,"message_id":78,"stderr":true,"stdout":"\u001b[1;38;5;39mCOMET INFO:\u001b[0m     url                   : [OfflineExperiment will get URL after upload]\n"},"type":"ws_msg"}
{"payload":{"local_timestamp":1716111839450,"message_id":79,"stderr":true,"stdout":"\u001b[1;38;5;39mCOMET INFO:\u001b[0m   Others:\n"},"type":"ws_msg"}
{"payload":{"local_timestamp":1716111839450,"message_id":80,"stderr":true,"stdout":"\u001b[1;38;5;39mCOMET INFO:\u001b[0m     Name               : TTTTT\n"},"type":"ws_msg"}
{"payload":{"local_timestamp":1716111839450,"message_id":81,"stderr":true,"stdout":"\u001b[1;38;5;39mCOMET INFO:\u001b[0m     offline_experiment : True\n"},"type":"ws_msg"}
{"payload":{"local_timestamp":1716111839450,"message_id":82,"stderr":true,"stdout":"\u001b[1;38;5;39mCOMET INFO:\u001b[0m   Uploads:\n"},"type":"ws_msg"}
{"payload":{"local_timestamp":1716111839450,"message_id":83,"stderr":true,"stdout":"\u001b[1;38;5;39mCOMET INFO:\u001b[0m     environment details : 1\n"},"type":"ws_msg"}
{"payload":{"local_timestamp":1716111839450,"message_id":84,"stderr":true,"stdout":"\u001b[1;38;5;39mCOMET INFO:\u001b[0m     installed packages  : 1\n"},"type":"ws_msg"}
{"payload":{"local_timestamp":1716111839450,"message_id":85,"stderr":true,"stdout":"\u001b[1;38;5;39mCOMET INFO:\u001b[0m \n"},"type":"ws_msg"}
